,team_id,team,zone,perc_for,perc_against,classed,self_rank,opp_rank,biv_rank,season
0,120,Milan,1,0.5918367347,0.4081632653,team,0.2096774194,0.1290322581,1,2021/2022
1,120,Milan,2,0.5635179153,0.4364820847,team,0.5806451613,0.4516129032,8,2021/2022
2,120,Milan,3,0.5491071429,0.4508928571,contested,0.8064516129,0.8064516129,9,2021/2022
3,120,Milan,4,0.5255623722,0.4744376278,contested,0.8709677419,0.935483871,9,2021/2022
4,120,Milan,5,0.4607594937,0.5392405063,contested,0.6290322581,0.8709677419,9,2021/2022
5,120,Milan,6,0.4027777778,0.5972222222,opp,0.2096774194,0.3064516129,1,2021/2022
6,120,Milan,7,0.7051282051,0.2948717949,team,0.1612903226,0.064516129,1,2021/2022
7,120,Milan,8,0.5515873016,0.4484126984,team,0.3870967742,0.3870967742,1,2021/2022
8,120,Milan,9,0.5311653117,0.4688346883,contested,0.6774193548,0.6451612903,9,2021/2022
9,120,Milan,10,0.4582132565,0.5417867435,contested,0.5,0.7096774194,6,2021/2022
10,120,Milan,11,0.2891986063,0.7108013937,opp,0.2903225806,0.8387096774,3,2021/2022
11,120,Milan,12,0.3228346457,0.6771653543,opp,0.0483870968,0.3064516129,1,2021/2022
12,120,Milan,13,0.8157894737,0.1842105263,team,0.935483871,0.1935483871,7,2021/2022
13,120,Milan,14,0.6582278481,0.3417721519,team,0.9677419355,0.6129032258,9,2021/2022
14,120,Milan,15,0.6428571429,0.3571428571,team,0.9032258065,0.564516129,9,2021/2022
15,120,Milan,16,0.4826175869,0.5173824131,contested,0.7419354839,0.9677419355,9,2021/2022
16,120,Milan,17,0.443902439,0.556097561,opp,0.6290322581,0.9032258065,9,2021/2022
17,120,Milan,18,0.2346491228,0.7653508772,opp,0.3225806452,1.0,3,2021/2022
18,120,Milan,19,0.6781609195,0.3218390805,team,0.2580645161,0.0967741935,1,2021/2022
19,120,Milan,20,0.6737288136,0.3262711864,team,0.5,0.2580645161,4,2021/2022
20,120,Milan,21,0.6060606061,0.3939393939,team,0.7096774194,0.4193548387,7,2021/2022
21,120,Milan,22,0.5076923077,0.4923076923,contested,0.5483870968,0.564516129,6,2021/2022
22,120,Milan,23,0.4006514658,0.5993485342,opp,0.3548387097,0.6774193548,3,2021/2022
23,120,Milan,24,0.2957746479,0.7042253521,opp,0.0967741935,0.3548387097,1,2021/2022
24,120,Milan,25,0.4555555556,0.5444444444,contested,0.0483870968,0.1612903226,1,2021/2022
25,120,Milan,26,0.4965753425,0.5034246575,contested,0.4193548387,0.5161290323,2,2021/2022
26,120,Milan,27,0.5671981777,0.4328018223,team,0.8387096774,0.7419354839,9,2021/2022
27,120,Milan,28,0.546275395,0.453724605,contested,0.7741935484,0.7741935484,9,2021/2022
28,120,Milan,29,0.5117056856,0.4882943144,contested,0.4516129032,0.4838709677,5,2021/2022
29,120,Milan,30,0.3771929825,0.6228070175,opp,0.1290322581,0.2258064516,1,2021/2022
30,121,Roma,1,0.5398230088,0.4601769912,contested,0.1935483871,0.2580645161,1,2021/2022
31,121,Roma,2,0.4747774481,0.5252225519,contested,0.5483870968,0.5806451613,6,2021/2022
32,121,Roma,3,0.4108695652,0.5891304348,opp,0.6451612903,0.935483871,9,2021/2022
33,121,Roma,4,0.5134474328,0.4865525672,contested,0.7419354839,0.7096774194,9,2021/2022
34,121,Roma,5,0.4960629921,0.5039370079,contested,0.4193548387,0.4193548387,1,2021/2022
35,121,Roma,6,0.4395604396,0.5604395604,opp,0.1290322581,0.2258064516,1,2021/2022
36,121,Roma,7,0.8272727273,0.1727272727,team,0.3387096774,0.0967741935,1,2021/2022
37,121,Roma,8,0.5598455598,0.4401544402,team,0.4516129032,0.3870967742,4,2021/2022
38,121,Roma,9,0.4886075949,0.5113924051,contested,0.6774193548,0.7741935484,9,2021/2022
39,121,Roma,10,0.435828877,0.564171123,opp,0.5806451613,0.8064516129,9,2021/2022
40,121,Roma,11,0.3669724771,0.6330275229,opp,0.2580645161,0.4838709677,2,2021/2022
41,121,Roma,12,0.3977272727,0.6022727273,opp,0.0322580645,0.2903225806,1,2021/2022
42,121,Roma,13,0.8512658228,0.1487341772,team,0.9677419355,0.1612903226,7,2021/2022
43,121,Roma,14,0.5545023697,0.4454976303,team,0.8709677419,0.6451612903,9,2021/2022
44,121,Roma,15,0.5495867769,0.4504132231,contested,0.935483871,0.8387096774,9,2021/2022
45,121,Roma,16,0.4130879346,0.5869120654,opp,0.7096774194,0.9677419355,9,2021/2022
46,121,Roma,17,0.3693045564,0.6306954436,opp,0.4838709677,0.9032258065,6,2021/2022
47,121,Roma,18,0.2315521628,0.7684478372,opp,0.3387096774,1.0,3,2021/2022
48,121,Roma,19,0.8461538462,0.1538461538,team,0.2258064516,0.064516129,1,2021/2022
49,121,Roma,20,0.6275303644,0.3724696356,team,0.5161290323,0.3548387097,4,2021/2022
50,121,Roma,21,0.5827505828,0.4172494172,team,0.9032258065,0.6129032258,9,2021/2022
51,121,Roma,22,0.5307125307,0.4692874693,contested,0.7741935484,0.6774193548,9,2021/2022
52,121,Roma,23,0.3990825688,0.6009174312,opp,0.2903225806,0.4516129032,2,2021/2022
53,121,Roma,24,0.3162393162,0.6837606838,opp,0.0967741935,0.3225806452,1,2021/2022
54,121,Roma,25,0.6265060241,0.3734939759,team,0.1612903226,0.1290322581,1,2021/2022
55,121,Roma,26,0.5135951662,0.4864048338,contested,0.6129032258,0.5483870968,8,2021/2022
56,121,Roma,27,0.4955752212,0.5044247788,contested,0.8387096774,0.8709677419,9,2021/2022
57,121,Roma,28,0.5202863962,0.4797136038,contested,0.8064516129,0.7419354839,9,2021/2022
58,121,Roma,29,0.433460076,0.566539924,opp,0.3870967742,0.5161290323,2,2021/2022
59,121,Roma,30,0.4235294118,0.5764705882,opp,0.064516129,0.1935483871,1,2021/2022
60,123,Bologna,1,0.4786324786,0.5213675214,contested,0.1935483871,0.2580645161,1,2021/2022
61,123,Bologna,2,0.4568965517,0.5431034483,contested,0.5806451613,0.8064516129,9,2021/2022
62,123,Bologna,3,0.4486873508,0.5513126492,opp,0.6774193548,0.9677419355,9,2021/2022
63,123,Bologna,4,0.57771261,0.42228739,team,0.7419354839,0.5806451613,9,2021/2022
64,123,Bologna,5,0.5555555556,0.4444444444,team,0.4838709677,0.4838709677,5,2021/2022
65,123,Bologna,6,0.4819277108,0.5180722892,contested,0.1290322581,0.1451612903,1,2021/2022
66,123,Bologna,7,0.6589147287,0.3410852713,team,0.3225806452,0.1935483871,1,2021/2022
67,123,Bologna,8,0.5815602837,0.4184397163,team,0.6129032258,0.5483870968,8,2021/2022
68,123,Bologna,9,0.5202492212,0.4797507788,contested,0.6451612903,0.6129032258,9,2021/2022
69,123,Bologna,10,0.5346938776,0.4653061224,contested,0.4193548387,0.5161290323,2,2021/2022
70,123,Bologna,11,0.3764044944,0.6235955056,opp,0.2258064516,0.4516129032,2,2021/2022
71,123,Bologna,12,0.2950819672,0.7049180328,opp,0.0322580645,0.1451612903,1,2021/2022
72,123,Bologna,13,0.7967479675,0.2032520325,team,0.9677419355,0.3225806452,7,2021/2022
73,123,Bologna,14,0.5377128954,0.4622871046,contested,0.8709677419,0.8387096774,9,2021/2022
74,123,Bologna,15,0.5575620767,0.4424379233,team,0.935483871,0.8709677419,9,2021/2022
75,123,Bologna,16,0.4159779614,0.5840220386,opp,0.5161290323,0.9032258065,6,2021/2022
76,123,Bologna,17,0.42,0.58,opp,0.3870967742,0.7419354839,3,2021/2022
77,123,Bologna,18,0.1661129568,0.8338870432,opp,0.1612903226,1.0,3,2021/2022
78,123,Bologna,19,0.6959459459,0.3040540541,team,0.3548387097,0.2258064516,1,2021/2022
79,123,Bologna,20,0.6728395062,0.3271604938,team,0.8387096774,0.3548387097,7,2021/2022
80,123,Bologna,21,0.5485714286,0.4514285714,contested,0.7096774194,0.6451612903,9,2021/2022
81,123,Bologna,22,0.4904458599,0.5095541401,contested,0.5483870968,0.6774193548,6,2021/2022
82,123,Bologna,23,0.4293193717,0.5706806283,opp,0.2580645161,0.4032258065,1,2021/2022
83,123,Bologna,24,0.3731343284,0.6268656716,opp,0.064516129,0.0967741935,1,2021/2022
84,123,Bologna,25,0.5316455696,0.4683544304,contested,0.2903225806,0.2903225806,1,2021/2022
85,123,Bologna,26,0.5486486486,0.4513513514,contested,0.8064516129,0.7096774194,9,2021/2022
86,123,Bologna,27,0.4708624709,0.5291375291,contested,0.7741935484,0.935483871,9,2021/2022
87,123,Bologna,28,0.5731707317,0.4268292683,team,0.9032258065,0.7741935484,9,2021/2022
88,123,Bologna,29,0.5569105691,0.4430894309,team,0.4516129032,0.4032258065,4,2021/2022
89,123,Bologna,30,0.5277777778,0.4722222222,contested,0.0967741935,0.064516129,1,2021/2022
90,125,Fiorentina,1,0.57,0.43,team,0.1290322581,0.1612903226,1,2021/2022
91,125,Fiorentina,2,0.5381526104,0.4618473896,contested,0.3225806452,0.5806451613,3,2021/2022
92,125,Fiorentina,3,0.5726256983,0.4273743017,team,0.5322580645,0.8064516129,6,2021/2022
93,125,Fiorentina,4,0.671875,0.328125,team,0.7419354839,0.6612903226,9,2021/2022
94,125,Fiorentina,5,0.6193353474,0.3806646526,team,0.5322580645,0.6612903226,6,2021/2022
95,125,Fiorentina,6,0.503649635,0.496350365,contested,0.1935483871,0.2903225806,1,2021/2022
96,125,Fiorentina,7,0.6725663717,0.3274336283,team,0.2258064516,0.0967741935,1,2021/2022
97,125,Fiorentina,8,0.6963562753,0.3036437247,team,0.4516129032,0.3225806452,4,2021/2022
98,125,Fiorentina,9,0.7428571429,0.2571428571,team,0.7096774194,0.3548387097,7,2021/2022
99,125,Fiorentina,10,0.6609195402,0.3390804598,team,0.6451612903,0.6129032258,9,2021/2022
100,125,Fiorentina,11,0.5544554455,0.4455445545,team,0.4193548387,0.7419354839,3,2021/2022
101,125,Fiorentina,12,0.358778626,0.641221374,opp,0.0967741935,0.3870967742,1,2021/2022
102,125,Fiorentina,13,0.8292682927,0.1707317073,team,0.7741935484,0.2258064516,7,2021/2022
103,125,Fiorentina,14,0.8144927536,0.1855072464,team,0.8387096774,0.2580645161,7,2021/2022
104,125,Fiorentina,15,0.7894736842,0.2105263158,team,0.9677419355,0.5161290323,8,2021/2022
105,125,Fiorentina,16,0.6042553191,0.3957446809,team,0.8709677419,0.9193548387,9,2021/2022
106,125,Fiorentina,17,0.4498977505,0.5501022495,opp,0.6129032258,0.9677419355,9,2021/2022
107,125,Fiorentina,18,0.1986183074,0.8013816926,opp,0.2903225806,1.0,3,2021/2022
108,125,Fiorentina,19,0.6931818182,0.3068181818,team,0.1612903226,0.064516129,1,2021/2022
109,125,Fiorentina,20,0.769874477,0.230125523,team,0.4838709677,0.1935483871,4,2021/2022
110,125,Fiorentina,21,0.7168831169,0.2831168831,team,0.8064516129,0.5483870968,8,2021/2022
111,125,Fiorentina,22,0.6143617021,0.3856382979,team,0.6774193548,0.7741935484,9,2021/2022
112,125,Fiorentina,23,0.4608695652,0.5391304348,contested,0.3870967742,0.9193548387,3,2021/2022
113,125,Fiorentina,24,0.3021582734,0.6978417266,opp,0.0322580645,0.4677419355,2,2021/2022
114,125,Fiorentina,25,0.5227272727,0.4772727273,contested,0.064516129,0.1290322581,1,2021/2022
115,125,Fiorentina,26,0.5872340426,0.4127659574,team,0.3548387097,0.4677419355,2,2021/2022
116,125,Fiorentina,27,0.6156069364,0.3843930636,team,0.5806451613,0.7096774194,9,2021/2022
117,125,Fiorentina,28,0.6534216336,0.3465783664,team,0.9032258065,0.8387096774,9,2021/2022
118,125,Fiorentina,29,0.6329113924,0.3670886076,team,0.935483871,0.8709677419,9,2021/2022
119,125,Fiorentina,30,0.4836956522,0.5163043478,contested,0.2580645161,0.4193548387,1,2021/2022
120,126,Verona,1,0.3596491228,0.6403508772,opp,0.1290322581,0.2580645161,1,2021/2022
121,126,Verona,2,0.4351464435,0.5648535565,opp,0.5483870968,0.5161290323,5,2021/2022
122,126,Verona,3,0.4132947977,0.5867052023,opp,0.8064516129,0.9032258065,9,2021/2022
123,126,Verona,4,0.431085044,0.568914956,opp,0.8387096774,0.8709677419,9,2021/2022
124,126,Verona,5,0.4058577406,0.5941422594,opp,0.4516129032,0.5967741935,6,2021/2022
125,126,Verona,6,0.4473684211,0.5526315789,opp,0.1612903226,0.1612903226,1,2021/2022
126,126,Verona,7,0.6063829787,0.3936170213,team,0.2258064516,0.0967741935,1,2021/2022
127,126,Verona,8,0.5387931034,0.4612068966,contested,0.6129032258,0.3870967742,7,2021/2022
128,126,Verona,9,0.4872727273,0.5127272727,contested,0.7096774194,0.5483870968,8,2021/2022
129,126,Verona,10,0.4593639576,0.5406360424,contested,0.6451612903,0.7096774194,9,2021/2022
130,126,Verona,11,0.3574660633,0.6425339367,opp,0.3225806452,0.5967741935,3,2021/2022
131,126,Verona,12,0.2727272727,0.7272727273,opp,0.0322580645,0.2258064516,1,2021/2022
132,126,Verona,13,0.7426900585,0.2573099415,team,0.9677419355,0.3225806452,7,2021/2022
133,126,Verona,14,0.5469168901,0.4530831099,contested,0.935483871,0.7741935484,9,2021/2022
134,126,Verona,15,0.5078534031,0.4921465969,contested,0.9032258065,0.8225806452,9,2021/2022
135,126,Verona,16,0.375,0.625,opp,0.7741935484,0.935483871,9,2021/2022
136,126,Verona,17,0.2865329513,0.7134670487,opp,0.4838709677,0.9677419355,6,2021/2022
137,126,Verona,18,0.1639784946,0.8360215054,opp,0.2903225806,1.0,3,2021/2022
138,126,Verona,19,0.5321100917,0.4678899083,contested,0.2580645161,0.1290322581,1,2021/2022
139,126,Verona,20,0.5108695652,0.4891304348,contested,0.4193548387,0.3548387097,1,2021/2022
140,126,Verona,21,0.4858156028,0.5141843972,contested,0.7419354839,0.6451612903,9,2021/2022
141,126,Verona,22,0.4431818182,0.5568181818,opp,0.5806451613,0.6774193548,9,2021/2022
142,126,Verona,23,0.4027149321,0.5972850679,opp,0.3548387097,0.4838709677,2,2021/2022
143,126,Verona,24,0.3166666667,0.6833333333,opp,0.064516129,0.2903225806,1,2021/2022
144,126,Verona,25,0.5909090909,0.4090909091,team,0.0967741935,0.064516129,1,2021/2022
145,126,Verona,26,0.4509803922,0.5490196078,contested,0.3870967742,0.4193548387,1,2021/2022
146,126,Verona,27,0.4106583072,0.5893416928,opp,0.6774193548,0.8225806452,9,2021/2022
147,126,Verona,28,0.5,0.5,contested,0.8709677419,0.7419354839,9,2021/2022
148,126,Verona,29,0.4618834081,0.5381165919,contested,0.5161290323,0.4516129032,5,2021/2022
149,126,Verona,30,0.4369747899,0.5630252101,opp,0.1935483871,0.1935483871,1,2021/2022
150,127,Internazionale,1,0.5512820513,0.4487179487,team,0.1129032258,0.1290322581,1,2021/2022
151,127,Internazionale,2,0.5223463687,0.4776536313,contested,0.5161290323,0.6451612903,6,2021/2022
152,127,Internazionale,3,0.4401544402,0.5598455598,opp,0.6451612903,0.9677419355,9,2021/2022
153,127,Internazionale,4,0.5175983437,0.4824016563,contested,0.7741935484,0.8709677419,9,2021/2022
154,127,Internazionale,5,0.5042253521,0.4957746479,contested,0.4838709677,0.6774193548,6,2021/2022
155,127,Internazionale,6,0.5,0.5,contested,0.1612903226,0.2258064516,1,2021/2022
156,127,Internazionale,7,0.7259259259,0.2740740741,team,0.2580645161,0.1612903226,1,2021/2022
157,127,Internazionale,8,0.7,0.3,team,0.6774193548,0.3870967742,7,2021/2022
158,127,Internazionale,9,0.5863746959,0.4136253041,team,0.7419354839,0.6129032258,9,2021/2022
159,127,Internazionale,10,0.4296875,0.5703125,opp,0.4193548387,0.8064516129,3,2021/2022
160,127,Internazionale,11,0.3796610169,0.6203389831,opp,0.3225806452,0.7419354839,3,2021/2022
161,127,Internazionale,12,0.3148148148,0.6851851852,opp,0.064516129,0.2903225806,1,2021/2022
162,127,Internazionale,13,0.8461538462,0.1538461538,team,0.935483871,0.2580645161,7,2021/2022
163,127,Internazionale,14,0.790960452,0.209039548,team,0.9677419355,0.4193548387,7,2021/2022
164,127,Internazionale,15,0.6511627907,0.3488372093,team,0.9032258065,0.7096774194,9,2021/2022
165,127,Internazionale,16,0.47,0.53,contested,0.7096774194,0.9032258065,9,2021/2022
166,127,Internazionale,17,0.4141630901,0.5858369099,opp,0.564516129,0.935483871,9,2021/2022
167,127,Internazionale,18,0.2463157895,0.7536842105,opp,0.3548387097,1.0,3,2021/2022
168,127,Internazionale,19,0.7619047619,0.2380952381,team,0.2258064516,0.064516129,1,2021/2022
169,127,Internazionale,20,0.7390029326,0.2609970674,team,0.8064516129,0.3548387097,7,2021/2022
170,127,Internazionale,21,0.6363636364,0.3636363636,team,0.8709677419,0.5161290323,8,2021/2022
171,127,Internazionale,22,0.5115606936,0.4884393064,contested,0.4516129032,0.5806451613,6,2021/2022
172,127,Internazionale,23,0.444,0.556,opp,0.2903225806,0.4838709677,2,2021/2022
173,127,Internazionale,24,0.2920353982,0.7079646018,opp,0.0322580645,0.3225806452,1,2021/2022
174,127,Internazionale,25,0.6363636364,0.3636363636,team,0.1935483871,0.0967741935,1,2021/2022
175,127,Internazionale,26,0.5610465116,0.4389534884,team,0.564516129,0.5483870968,8,2021/2022
176,127,Internazionale,27,0.5255623722,0.4744376278,contested,0.8387096774,0.8387096774,9,2021/2022
177,127,Internazionale,28,0.5128805621,0.4871194379,contested,0.6129032258,0.7741935484,9,2021/2022
178,127,Internazionale,29,0.5494880546,0.4505119454,contested,0.3870967742,0.4516129032,2,2021/2022
179,127,Internazionale,30,0.4574468085,0.5425531915,contested,0.1129032258,0.1935483871,1,2021/2022
180,128,Juventus,1,0.4964028777,0.5035971223,contested,0.1612903226,0.2580645161,1,2021/2022
181,128,Juventus,2,0.4116161616,0.5883838384,opp,0.4838709677,0.8387096774,6,2021/2022
182,128,Juventus,3,0.4296160878,0.5703839122,opp,0.7419354839,1.0,9,2021/2022
183,128,Juventus,4,0.5287356322,0.4712643678,contested,0.7096774194,0.5806451613,9,2021/2022
184,128,Juventus,5,0.4652777778,0.5347222222,contested,0.4032258065,0.4193548387,1,2021/2022
185,128,Juventus,6,0.421686747,0.578313253,opp,0.064516129,0.1290322581,1,2021/2022
186,128,Juventus,7,0.7364341085,0.2635658915,team,0.3225806452,0.0967741935,1,2021/2022
187,128,Juventus,8,0.6101190476,0.3898809524,team,0.6451612903,0.3548387097,7,2021/2022
188,128,Juventus,9,0.525987526,0.474012474,contested,0.8064516129,0.8064516129,9,2021/2022
189,128,Juventus,10,0.443627451,0.556372549,opp,0.5161290323,0.7741935484,6,2021/2022
190,128,Juventus,11,0.3442622951,0.6557377049,opp,0.2580645161,0.4516129032,2,2021/2022
191,128,Juventus,12,0.2692307692,0.7307692308,opp,0.0322580645,0.2903225806,1,2021/2022
192,128,Juventus,13,0.8666666667,0.1333333333,team,0.9677419355,0.1935483871,7,2021/2022
193,128,Juventus,14,0.6229508197,0.3770491803,team,0.9032258065,0.5483870968,8,2021/2022
194,128,Juventus,15,0.5617173524,0.4382826476,team,0.935483871,0.8709677419,9,2021/2022
195,128,Juventus,16,0.3732718894,0.6267281106,opp,0.4516129032,0.9032258065,6,2021/2022
196,128,Juventus,17,0.374301676,0.625698324,opp,0.4032258065,0.7419354839,3,2021/2022
197,128,Juventus,18,0.2066326531,0.7933673469,opp,0.2258064516,0.9677419355,3,2021/2022
198,128,Juventus,19,0.7606837607,0.2393162393,team,0.2903225806,0.064516129,1,2021/2022
199,128,Juventus,20,0.5710723192,0.4289276808,team,0.6774193548,0.5161290323,8,2021/2022
200,128,Juventus,21,0.5429769392,0.4570230608,contested,0.8387096774,0.6935483871,9,2021/2022
201,128,Juventus,22,0.465,0.535,contested,0.6129032258,0.6290322581,9,2021/2022
202,128,Juventus,23,0.3851851852,0.6148148148,opp,0.3548387097,0.4838709677,2,2021/2022
203,128,Juventus,24,0.3225806452,0.6774193548,opp,0.0967741935,0.3225806452,1,2021/2022
204,128,Juventus,25,0.5,0.5,contested,0.1290322581,0.1612903226,1,2021/2022
205,128,Juventus,26,0.4623115578,0.5376884422,contested,0.5806451613,0.6290322581,9,2021/2022
206,128,Juventus,27,0.4574669187,0.5425330813,contested,0.7741935484,0.935483871,9,2021/2022
207,128,Juventus,28,0.5595959596,0.4404040404,team,0.8709677419,0.6935483871,9,2021/2022
208,128,Juventus,29,0.5432835821,0.4567164179,contested,0.5483870968,0.3870967742,4,2021/2022
209,128,Juventus,30,0.5401459854,0.4598540146,contested,0.1935483871,0.2258064516,1,2021/2022
210,129,Lazio,1,0.5966386555,0.4033613445,team,0.2258064516,0.1290322581,1,2021/2022
211,129,Lazio,2,0.5773195876,0.4226804124,team,0.7419354839,0.5806451613,9,2021/2022
212,129,Lazio,3,0.5213178295,0.4786821705,contested,0.9032258065,0.9032258065,9,2021/2022
213,129,Lazio,4,0.514957265,0.485042735,contested,0.7741935484,0.8548387097,9,2021/2022
214,129,Lazio,5,0.4075342466,0.5924657534,opp,0.4193548387,0.6129032258,3,2021/2022
215,129,Lazio,6,0.359223301,0.640776699,opp,0.0967741935,0.2258064516,1,2021/2022
216,129,Lazio,7,0.6637931034,0.3362068966,team,0.2580645161,0.0967741935,1,2021/2022
217,129,Lazio,8,0.6546184739,0.3453815261,team,0.5483870968,0.3225806452,4,2021/2022
218,129,Lazio,9,0.5163204748,0.4836795252,contested,0.6451612903,0.5483870968,8,2021/2022
219,129,Lazio,10,0.3722222222,0.6277777778,opp,0.4516129032,0.8064516129,6,2021/2022
220,129,Lazio,11,0.262987013,0.737012987,opp,0.2903225806,0.8548387097,3,2021/2022
221,129,Lazio,12,0.2384615385,0.7615384615,opp,0.0322580645,0.3870967742,1,2021/2022
222,129,Lazio,13,0.830802603,0.169197397,team,0.9677419355,0.2903225806,7,2021/2022
223,129,Lazio,14,0.6735632184,0.3264367816,team,0.935483871,0.4838709677,8,2021/2022
224,129,Lazio,15,0.6,0.4,team,0.8709677419,0.6451612903,9,2021/2022
225,129,Lazio,16,0.3608695652,0.6391304348,opp,0.5806451613,0.9677419355,9,2021/2022
226,129,Lazio,17,0.3,0.7,opp,0.3870967742,0.935483871,3,2021/2022
227,129,Lazio,18,0.1649746193,0.8350253807,opp,0.1612903226,1.0,3,2021/2022
228,129,Lazio,19,0.7058823529,0.2941176471,team,0.3225806452,0.064516129,1,2021/2022
229,129,Lazio,20,0.670995671,0.329004329,team,0.4838709677,0.2580645161,4,2021/2022
230,129,Lazio,21,0.5673981191,0.4326018809,team,0.6774193548,0.4516129032,8,2021/2022
231,129,Lazio,22,0.4757834758,0.5242165242,contested,0.6129032258,0.6774193548,9,2021/2022
232,129,Lazio,23,0.3456375839,0.6543624161,opp,0.3548387097,0.7419354839,3,2021/2022
233,129,Lazio,24,0.3404255319,0.6595744681,opp,0.1290322581,0.3548387097,1,2021/2022
234,129,Lazio,25,0.5528455285,0.4471544715,team,0.1935483871,0.1612903226,1,2021/2022
235,129,Lazio,26,0.6171428571,0.3828571429,team,0.7096774194,0.4193548387,7,2021/2022
236,129,Lazio,27,0.5399568035,0.4600431965,contested,0.8387096774,0.7741935484,9,2021/2022
237,129,Lazio,28,0.5612009238,0.4387990762,team,0.8064516129,0.7096774194,9,2021/2022
238,129,Lazio,29,0.5110410095,0.4889589905,contested,0.5161290323,0.5161290323,5,2021/2022
239,129,Lazio,30,0.3469387755,0.6530612245,opp,0.064516129,0.1935483871,1,2021/2022
240,130,Lecce,1,0.4336283186,0.5663716814,opp,0.1935483871,0.2258064516,1,2021/2022
241,130,Lecce,2,0.4358108108,0.5641891892,opp,0.5806451613,0.5161290323,8,2021/2022
242,130,Lecce,3,0.4084507042,0.5915492958,opp,0.9032258065,0.8709677419,9,2021/2022
243,130,Lecce,4,0.412195122,0.587804878,opp,0.8709677419,0.7741935484,9,2021/2022
244,130,Lecce,5,0.4257028112,0.5742971888,opp,0.4193548387,0.4193548387,1,2021/2022
245,130,Lecce,6,0.3466666667,0.6533333333,opp,0.0967741935,0.1290322581,1,2021/2022
246,130,Lecce,7,0.7058823529,0.2941176471,team,0.3387096774,0.064516129,1,2021/2022
247,130,Lecce,8,0.6085271318,0.3914728682,team,0.8064516129,0.3870967742,7,2021/2022
248,130,Lecce,9,0.396011396,0.603988604,opp,0.6774193548,0.6451612903,9,2021/2022
249,130,Lecce,10,0.3206521739,0.6793478261,opp,0.5483870968,0.8387096774,6,2021/2022
250,130,Lecce,11,0.2438016529,0.7561983471,opp,0.2419354839,0.5806451613,3,2021/2022
251,130,Lecce,12,0.2388059701,0.7611940299,opp,0.0322580645,0.1935483871,1,2021/2022
252,130,Lecce,13,0.8262032086,0.1737967914,team,0.9677419355,0.2580645161,7,2021/2022
253,130,Lecce,14,0.5601092896,0.4398907104,team,0.935483871,0.4838709677,8,2021/2022
254,130,Lecce,15,0.3804878049,0.6195121951,opp,0.7741935484,0.9032258065,9,2021/2022
255,130,Lecce,16,0.2781954887,0.7218045113,opp,0.4516129032,1.0,6,2021/2022
256,130,Lecce,17,0.2348066298,0.7651933702,opp,0.3870967742,0.935483871,3,2021/2022
257,130,Lecce,18,0.1257668712,0.8742331288,opp,0.1612903226,0.9677419355,3,2021/2022
258,130,Lecce,19,0.5794392523,0.4205607477,team,0.2903225806,0.0967741935,1,2021/2022
259,130,Lecce,20,0.6260869565,0.3739130435,team,0.7096774194,0.3387096774,7,2021/2022
260,130,Lecce,21,0.3455657492,0.6544342508,opp,0.4838709677,0.6774193548,6,2021/2022
261,130,Lecce,22,0.3259052925,0.6740947075,opp,0.5161290323,0.8064516129,6,2021/2022
262,130,Lecce,23,0.2987551867,0.7012448133,opp,0.3387096774,0.5483870968,2,2021/2022
263,130,Lecce,24,0.2181818182,0.7818181818,opp,0.064516129,0.3387096774,1,2021/2022
264,130,Lecce,25,0.4609375,0.5390625,contested,0.2419354839,0.2903225806,1,2021/2022
265,130,Lecce,26,0.4150943396,0.5849056604,opp,0.6129032258,0.6129032258,9,2021/2022
266,130,Lecce,27,0.3967828418,0.6032171582,opp,0.7419354839,0.7419354839,9,2021/2022
267,130,Lecce,28,0.4293193717,0.5706806283,opp,0.8387096774,0.7096774194,9,2021/2022
268,130,Lecce,29,0.475862069,0.524137931,contested,0.6451612903,0.4516129032,8,2021/2022
269,130,Lecce,30,0.4186046512,0.5813953488,opp,0.1290322581,0.1612903226,1,2021/2022
270,135,Torino,1,0.5204081633,0.4795918367,contested,0.1290322581,0.1612903226,1,2021/2022
271,135,Torino,2,0.5265017668,0.4734982332,contested,0.4193548387,0.5322580645,2,2021/2022
272,135,Torino,3,0.5196850394,0.4803149606,contested,0.6774193548,0.8709677419,9,2021/2022
273,135,Torino,4,0.5507246377,0.4492753623,team,0.8064516129,0.9032258065,9,2021/2022
274,135,Torino,5,0.5202312139,0.4797687861,contested,0.6129032258,0.7741935484,9,2021/2022
275,135,Torino,6,0.5081967213,0.4918032787,contested,0.1935483871,0.2258064516,1,2021/2022
276,135,Torino,7,0.7352941176,0.2647058824,team,0.2258064516,0.1290322581,1,2021/2022
277,135,Torino,8,0.6869565217,0.3130434783,team,0.5,0.3548387097,4,2021/2022
278,135,Torino,9,0.5684210526,0.4315789474,team,0.5483870968,0.4516129032,5,2021/2022
279,135,Torino,10,0.5166163142,0.4833836858,contested,0.5806451613,0.7419354839,9,2021/2022
280,135,Torino,11,0.4462151394,0.5537848606,opp,0.3225806452,0.5967741935,3,2021/2022
281,135,Torino,12,0.3214285714,0.6785714286,opp,0.0322580645,0.1935483871,1,2021/2022
282,135,Torino,13,0.8168168168,0.1831831832,team,0.935483871,0.2580645161,7,2021/2022
283,135,Torino,14,0.6578947368,0.3421052632,team,0.8709677419,0.4838709677,8,2021/2022
284,135,Torino,15,0.66359447,0.33640553,team,0.9677419355,0.6451612903,9,2021/2022
285,135,Torino,16,0.4648526077,0.5351473923,contested,0.7419354839,0.935483871,9,2021/2022
286,135,Torino,17,0.3103448276,0.6896551724,opp,0.3709677419,0.9677419355,3,2021/2022
287,135,Torino,18,0.1952380952,0.8047619048,opp,0.2903225806,1.0,3,2021/2022
288,135,Torino,19,0.7011494253,0.2988505747,team,0.1612903226,0.0967741935,1,2021/2022
289,135,Torino,20,0.7117117117,0.2882882883,team,0.5,0.2903225806,4,2021/2022
290,135,Torino,21,0.6182336182,0.3817663818,team,0.7741935484,0.5322580645,8,2021/2022
291,135,Torino,22,0.5549295775,0.4450704225,team,0.6451612903,0.7096774194,9,2021/2022
292,135,Torino,23,0.4528301887,0.5471698113,contested,0.3709677419,0.8387096774,3,2021/2022
293,135,Torino,24,0.3310344828,0.6689655172,opp,0.0967741935,0.4193548387,1,2021/2022
294,135,Torino,25,0.6607142857,0.3392857143,team,0.064516129,0.064516129,1,2021/2022
295,135,Torino,26,0.6540084388,0.3459915612,team,0.4516129032,0.3870967742,4,2021/2022
296,135,Torino,27,0.5899705015,0.4100294985,team,0.7096774194,0.5967741935,9,2021/2022
297,135,Torino,28,0.6004784689,0.3995215311,team,0.9032258065,0.8064516129,9,2021/2022
298,135,Torino,29,0.6155844156,0.3844155844,team,0.8387096774,0.6774193548,9,2021/2022
299,135,Torino,30,0.5448275862,0.4551724138,contested,0.2580645161,0.3225806452,1,2021/2022
300,136,Udinese,1,0.5744680851,0.4255319149,team,0.1129032258,0.1290322581,1,2021/2022
301,136,Udinese,2,0.5431309904,0.4568690096,contested,0.6774193548,0.5161290323,8,2021/2022
302,136,Udinese,3,0.4194260486,0.5805739514,opp,0.7741935484,0.935483871,9,2021/2022
303,136,Udinese,4,0.5210918114,0.4789081886,contested,0.8387096774,0.7419354839,9,2021/2022
304,136,Udinese,5,0.4430894309,0.5569105691,opp,0.3709677419,0.4838709677,2,2021/2022
305,136,Udinese,6,0.5454545455,0.4545454545,contested,0.1129032258,0.1935483871,1,2021/2022
306,136,Udinese,7,0.7346938776,0.2653061224,team,0.2419354839,0.0967741935,1,2021/2022
307,136,Udinese,8,0.6936936937,0.3063063063,team,0.5483870968,0.3064516129,4,2021/2022
308,136,Udinese,9,0.4491017964,0.5508982036,opp,0.5161290323,0.6935483871,6,2021/2022
309,136,Udinese,10,0.3739837398,0.6260162602,opp,0.4193548387,0.8387096774,3,2021/2022
310,136,Udinese,11,0.4186046512,0.5813953488,opp,0.3225806452,0.4516129032,2,2021/2022
311,136,Udinese,12,0.4237288136,0.5762711864,opp,0.0322580645,0.3064516129,1,2021/2022
312,136,Udinese,13,0.7925072046,0.2074927954,team,0.9677419355,0.3548387097,7,2021/2022
313,136,Udinese,14,0.6601941748,0.3398058252,team,0.8064516129,0.4193548387,7,2021/2022
314,136,Udinese,15,0.5490196078,0.4509803922,contested,0.935483871,0.6935483871,9,2021/2022
315,136,Udinese,16,0.3693693694,0.6306306306,opp,0.6451612903,0.9677419355,9,2021/2022
316,136,Udinese,17,0.4206349206,0.5793650794,opp,0.6129032258,0.8064516129,9,2021/2022
317,136,Udinese,18,0.2345679012,0.7654320988,opp,0.2903225806,0.9032258065,3,2021/2022
318,136,Udinese,19,0.7160493827,0.2839506173,team,0.1612903226,0.064516129,1,2021/2022
319,136,Udinese,20,0.691588785,0.308411215,team,0.4677419355,0.2580645161,4,2021/2022
320,136,Udinese,21,0.4471299094,0.5528700906,opp,0.4677419355,0.6451612903,6,2021/2022
321,136,Udinese,22,0.4235924933,0.5764075067,opp,0.5806451613,0.7741935484,9,2021/2022
322,136,Udinese,23,0.42578125,0.57421875,opp,0.3709677419,0.564516129,3,2021/2022
323,136,Udinese,24,0.3893129771,0.6106870229,opp,0.064516129,0.3870967742,1,2021/2022
324,136,Udinese,25,0.6,0.4,team,0.2419354839,0.2258064516,1,2021/2022
325,136,Udinese,26,0.5386904762,0.4613095238,contested,0.7096774194,0.6129032258,9,2021/2022
326,136,Udinese,27,0.4152046784,0.5847953216,opp,0.8709677419,1.0,9,2021/2022
327,136,Udinese,28,0.4753747323,0.5246252677,contested,0.9032258065,0.8709677419,9,2021/2022
328,136,Udinese,29,0.5572289157,0.4427710843,team,0.7419354839,0.564516129,9,2021/2022
329,136,Udinese,30,0.6283185841,0.3716814159,team,0.1935483871,0.1612903226,1,2021/2022
330,456,Atalanta,1,0.5185185185,0.4814814815,contested,0.1935483871,0.1612903226,1,2021/2022
331,456,Atalanta,2,0.5774647887,0.4225352113,team,0.7419354839,0.4193548387,7,2021/2022
332,456,Atalanta,3,0.4668304668,0.5331695332,contested,0.8387096774,0.7741935484,9,2021/2022
333,456,Atalanta,4,0.5096153846,0.4903846154,contested,0.9032258065,0.6774193548,9,2021/2022
334,456,Atalanta,5,0.4951768489,0.5048231511,contested,0.6774193548,0.4516129032,8,2021/2022
335,456,Atalanta,6,0.4302325581,0.5697674419,opp,0.0322580645,0.1290322581,1,2021/2022
336,456,Atalanta,7,0.8018867925,0.1981132075,team,0.3225806452,0.064516129,1,2021/2022
337,456,Atalanta,8,0.5747126437,0.4252873563,team,0.5806451613,0.3870967742,7,2021/2022
338,456,Atalanta,9,0.4277620397,0.5722379603,opp,0.6129032258,0.6451612903,9,2021/2022
339,456,Atalanta,10,0.3229813665,0.6770186335,opp,0.4193548387,0.8064516129,3,2021/2022
340,456,Atalanta,11,0.236,0.764,opp,0.2258064516,0.5806451613,3,2021/2022
341,456,Atalanta,12,0.4270833333,0.5729166667,opp,0.064516129,0.2258064516,1,2021/2022
342,456,Atalanta,13,0.8075880759,0.1924119241,team,0.9677419355,0.3225806452,7,2021/2022
343,456,Atalanta,14,0.5283505155,0.4716494845,contested,0.8709677419,0.5483870968,8,2021/2022
344,456,Atalanta,15,0.3731707317,0.6268292683,opp,0.6451612903,0.9032258065,9,2021/2022
345,456,Atalanta,16,0.2512195122,0.7487804878,opp,0.3870967742,0.9677419355,3,2021/2022
346,456,Atalanta,17,0.2651515152,0.7348484848,opp,0.4516129032,0.935483871,6,2021/2022
347,456,Atalanta,18,0.1424657534,0.8575342466,opp,0.1612903226,1.0,3,2021/2022
348,456,Atalanta,19,0.6696428571,0.3303571429,team,0.2903225806,0.0967741935,1,2021/2022
349,456,Atalanta,20,0.5546218487,0.4453781513,team,0.5161290323,0.3548387097,4,2021/2022
350,456,Atalanta,21,0.4738562092,0.5261437908,contested,0.5483870968,0.4838709677,5,2021/2022
351,456,Atalanta,22,0.346749226,0.653250774,opp,0.4838709677,0.7419354839,6,2021/2022
352,456,Atalanta,23,0.3040540541,0.6959459459,opp,0.3548387097,0.7096774194,3,2021/2022
353,456,Atalanta,24,0.4298245614,0.5701754386,opp,0.1290322581,0.2903225806,1,2021/2022
354,456,Atalanta,25,0.4752475248,0.5247524752,contested,0.0967741935,0.1935483871,1,2021/2022
355,456,Atalanta,26,0.4969512195,0.5030487805,contested,0.7096774194,0.5161290323,8,2021/2022
356,456,Atalanta,27,0.4299516908,0.5700483092,opp,0.7741935484,0.8709677419,9,2021/2022
357,456,Atalanta,28,0.4897025172,0.5102974828,contested,0.935483871,0.8387096774,9,2021/2022
358,456,Atalanta,29,0.4895287958,0.5104712042,contested,0.8064516129,0.6129032258,9,2021/2022
359,456,Atalanta,30,0.5488721805,0.4511278195,contested,0.2580645161,0.2580645161,1,2021/2022
360,459,Napoli,1,0.6984126984,0.3015873016,team,0.2258064516,0.1612903226,1,2021/2022
361,459,Napoli,2,0.5511551155,0.4488448845,team,0.4516129032,0.5322580645,5,2021/2022
362,459,Napoli,3,0.5546218487,0.4453781513,team,0.5483870968,0.6774193548,6,2021/2022
363,459,Napoli,4,0.5947368421,0.4052631579,team,0.6451612903,0.6290322581,9,2021/2022
364,459,Napoli,5,0.5178571429,0.4821428571,contested,0.5161290323,0.7903225806,6,2021/2022
365,459,Napoli,6,0.5419354839,0.4580645161,contested,0.1612903226,0.2580645161,1,2021/2022
366,459,Napoli,7,0.7647058824,0.2352941176,team,0.2580645161,0.1290322581,1,2021/2022
367,459,Napoli,8,0.6463022508,0.3536977492,team,0.5806451613,0.4193548387,7,2021/2022
368,459,Napoli,9,0.6388140162,0.3611859838,team,0.7096774194,0.4838709677,8,2021/2022
369,459,Napoli,10,0.568,0.432,team,0.6129032258,0.7903225806,9,2021/2022
370,459,Napoli,11,0.3920863309,0.6079136691,opp,0.2903225806,0.8709677419,3,2021/2022
371,459,Napoli,12,0.4366197183,0.5633802817,opp,0.0967741935,0.3225806452,1,2021/2022
372,459,Napoli,13,0.8281690141,0.1718309859,team,0.9032258065,0.1935483871,7,2021/2022
373,459,Napoli,14,0.6642335766,0.3357664234,team,0.8064516129,0.5806451613,9,2021/2022
374,459,Napoli,15,0.6843137255,0.3156862745,team,0.9677419355,0.7096774194,9,2021/2022
375,459,Napoli,16,0.537525355,0.462474645,contested,0.7741935484,0.935483871,9,2021/2022
376,459,Napoli,17,0.4029126214,0.5970873786,opp,0.4193548387,0.9677419355,3,2021/2022
377,459,Napoli,18,0.2681818182,0.7318181818,opp,0.3225806452,1.0,3,2021/2022
378,459,Napoli,19,0.8018867925,0.1981132075,team,0.1935483871,0.064516129,1,2021/2022
379,459,Napoli,20,0.7024793388,0.2975206612,team,0.4838709677,0.2903225806,4,2021/2022
380,459,Napoli,21,0.6699029126,0.3300970874,team,0.8387096774,0.5322580645,8,2021/2022
381,459,Napoli,22,0.5888324873,0.4111675127,team,0.6774193548,0.7903225806,9,2021/2022
382,459,Napoli,23,0.4726027397,0.5273972603,contested,0.3548387097,0.6290322581,3,2021/2022
383,459,Napoli,24,0.3484848485,0.6515151515,opp,0.0322580645,0.3548387097,1,2021/2022
384,459,Napoli,25,0.6853932584,0.3146067416,team,0.064516129,0.0967741935,1,2021/2022
385,459,Napoli,26,0.6039215686,0.3960784314,team,0.3870967742,0.3870967742,1,2021/2022
386,459,Napoli,27,0.6203090508,0.3796909492,team,0.8709677419,0.9032258065,9,2021/2022
387,459,Napoli,28,0.6610878661,0.3389121339,team,0.935483871,0.7903225806,9,2021/2022
388,459,Napoli,29,0.6469002695,0.3530997305,team,0.7419354839,0.4516129032,8,2021/2022
389,459,Napoli,30,0.5357142857,0.4642857143,contested,0.1290322581,0.2258064516,1,2021/2022
390,603,Sampdoria,1,0.4958677686,0.5041322314,contested,0.1935483871,0.2258064516,1,2021/2022
391,603,Sampdoria,2,0.4574468085,0.5425531915,contested,0.4193548387,0.5806451613,3,2021/2022
392,603,Sampdoria,3,0.5011764706,0.4988235294,contested,0.8387096774,0.8709677419,9,2021/2022
393,603,Sampdoria,4,0.5032967033,0.4967032967,contested,0.9032258065,0.9032258065,9,2021/2022
394,603,Sampdoria,5,0.4623955432,0.5376044568,contested,0.6451612903,0.8064516129,9,2021/2022
395,603,Sampdoria,6,0.3818181818,0.6181818182,opp,0.1290322581,0.2903225806,1,2021/2022
396,603,Sampdoria,7,0.62,0.38,team,0.2258064516,0.0967741935,1,2021/2022
397,603,Sampdoria,8,0.6485355649,0.3514644351,team,0.5483870968,0.3870967742,4,2021/2022
398,603,Sampdoria,9,0.5719063545,0.4280936455,team,0.6774193548,0.5483870968,8,2021/2022
399,603,Sampdoria,10,0.4201680672,0.5798319328,opp,0.5161290323,0.8387096774,6,2021/2022
400,603,Sampdoria,11,0.2965779468,0.7034220532,opp,0.3225806452,0.7741935484,3,2021/2022
401,603,Sampdoria,12,0.2686567164,0.7313432836,opp,0.0967741935,0.4193548387,1,2021/2022
402,603,Sampdoria,13,0.8230088496,0.1769911504,team,0.9677419355,0.1935483871,7,2021/2022
403,603,Sampdoria,14,0.7326388889,0.2673611111,team,0.8064516129,0.3548387097,7,2021/2022
404,603,Sampdoria,15,0.6728723404,0.3271276596,team,0.935483871,0.5161290323,8,2021/2022
405,603,Sampdoria,16,0.488172043,0.511827957,contested,0.8709677419,0.935483871,9,2021/2022
406,603,Sampdoria,17,0.3618421053,0.6381578947,opp,0.6129032258,1.0,9,2021/2022
407,603,Sampdoria,18,0.1437308869,0.8562691131,opp,0.1612903226,0.9677419355,3,2021/2022
408,603,Sampdoria,19,0.7386363636,0.2613636364,team,0.2903225806,0.064516129,1,2021/2022
409,603,Sampdoria,20,0.7014218009,0.2985781991,team,0.4677419355,0.2580645161,4,2021/2022
410,603,Sampdoria,21,0.6677316294,0.3322683706,team,0.7419354839,0.4516129032,8,2021/2022
411,603,Sampdoria,22,0.5339233038,0.4660766962,contested,0.7096774194,0.6451612903,9,2021/2022
412,603,Sampdoria,23,0.4093959732,0.5906040268,opp,0.3870967742,0.7096774194,3,2021/2022
413,603,Sampdoria,24,0.2772277228,0.7227722772,opp,0.0322580645,0.3225806452,1,2021/2022
414,603,Sampdoria,25,0.5565217391,0.4434782609,team,0.2580645161,0.1612903226,1,2021/2022
415,603,Sampdoria,26,0.558490566,0.441509434,team,0.4677419355,0.4838709677,5,2021/2022
416,603,Sampdoria,27,0.5079872204,0.4920127796,contested,0.5806451613,0.6129032258,9,2021/2022
417,603,Sampdoria,28,0.5426356589,0.4573643411,contested,0.7741935484,0.7419354839,9,2021/2022
418,603,Sampdoria,29,0.4109090909,0.5890909091,opp,0.3548387097,0.6774193548,3,2021/2022
419,603,Sampdoria,30,0.4078947368,0.5921052632,opp,0.064516129,0.1290322581,1,2021/2022
420,695,Empoli,1,0.5142857143,0.4857142857,contested,0.1935483871,0.2580645161,1,2021/2022
421,695,Empoli,2,0.4331797235,0.5668202765,opp,0.7741935484,0.935483871,9,2021/2022
422,695,Empoli,3,0.4509345794,0.5490654206,contested,0.8064516129,0.8709677419,9,2021/2022
423,695,Empoli,4,0.463356974,0.536643026,contested,0.8387096774,0.8225806452,9,2021/2022
424,695,Empoli,5,0.5144508671,0.4855491329,contested,0.7096774194,0.5483870968,8,2021/2022
425,695,Empoli,6,0.4949494949,0.5050505051,contested,0.0967741935,0.1290322581,1,2021/2022
426,695,Empoli,7,0.6587301587,0.3412698413,team,0.3548387097,0.064516129,1,2021/2022
427,695,Empoli,8,0.5333333333,0.4666666667,contested,0.5806451613,0.3870967742,7,2021/2022
428,695,Empoli,9,0.4863013699,0.5136986301,contested,0.5161290323,0.5161290323,5,2021/2022
429,695,Empoli,10,0.3890784983,0.6109215017,opp,0.4516129032,0.6774193548,6,2021/2022
430,695,Empoli,11,0.3466666667,0.6533333333,opp,0.2580645161,0.4838709677,2,2021/2022
431,695,Empoli,12,0.3563218391,0.6436781609,opp,0.064516129,0.1612903226,1,2021/2022
432,695,Empoli,13,0.8156996587,0.1843003413,team,0.9677419355,0.3225806452,7,2021/2022
433,695,Empoli,14,0.5761904762,0.4238095238,team,0.9193548387,0.6451612903,9,2021/2022
434,695,Empoli,15,0.4776119403,0.5223880597,contested,0.6612903226,0.6129032258,9,2021/2022
435,695,Empoli,16,0.3423913043,0.6576086957,opp,0.4838709677,0.9032258065,6,2021/2022
436,695,Empoli,17,0.3252279635,0.6747720365,opp,0.4193548387,0.7419354839,3,2021/2022
437,695,Empoli,18,0.1764705882,0.8235294118,opp,0.1612903226,1.0,3,2021/2022
438,695,Empoli,19,0.6451612903,0.3548387097,team,0.3064516129,0.0967741935,1,2021/2022
439,695,Empoli,20,0.5776173285,0.4223826715,team,0.6612903226,0.3548387097,7,2021/2022
440,695,Empoli,21,0.4596273292,0.5403726708,contested,0.5483870968,0.5806451613,6,2021/2022
441,695,Empoli,22,0.389380531,0.610619469,opp,0.3870967742,0.4516129032,2,2021/2022
442,695,Empoli,23,0.3703703704,0.6296296296,opp,0.3064516129,0.4193548387,1,2021/2022
443,695,Empoli,24,0.2934782609,0.7065217391,opp,0.0322580645,0.2258064516,1,2021/2022
444,695,Empoli,25,0.487012987,0.512987013,contested,0.2258064516,0.2903225806,1,2021/2022
445,695,Empoli,26,0.4422604423,0.5577395577,opp,0.7419354839,0.8225806452,9,2021/2022
446,695,Empoli,27,0.4154786151,0.5845213849,opp,0.8709677419,0.9677419355,9,2021/2022
447,695,Empoli,28,0.5193133047,0.4806866953,contested,0.9193548387,0.7741935484,9,2021/2022
448,695,Empoli,29,0.4553314121,0.5446685879,contested,0.6129032258,0.7096774194,9,2021/2022
449,695,Empoli,30,0.4867256637,0.5132743363,contested,0.1290322581,0.1935483871,1,2021/2022
450,742,Monza,1,0.5572519084,0.4427480916,team,0.2580645161,0.1935483871,1,2021/2022
451,742,Monza,2,0.4309392265,0.5690607735,opp,0.3870967742,0.8064516129,3,2021/2022
452,742,Monza,3,0.416988417,0.583011583,opp,0.6451612903,0.9677419355,9,2021/2022
453,742,Monza,4,0.4796116505,0.5203883495,contested,0.7741935484,0.935483871,9,2021/2022
454,742,Monza,5,0.546875,0.453125,contested,0.6129032258,0.6774193548,9,2021/2022
455,742,Monza,6,0.4848484848,0.5151515152,contested,0.0967741935,0.1612903226,1,2021/2022
456,742,Monza,7,0.6474820144,0.3525179856,team,0.2903225806,0.1290322581,1,2021/2022
457,742,Monza,8,0.6363636364,0.3636363636,team,0.5483870968,0.3870967742,4,2021/2022
458,742,Monza,9,0.5623409669,0.4376590331,team,0.7096774194,0.6451612903,9,2021/2022
459,742,Monza,10,0.5078947368,0.4921052632,contested,0.5161290323,0.7419354839,6,2021/2022
460,742,Monza,11,0.4636015326,0.5363984674,contested,0.3225806452,0.5161290323,2,2021/2022
461,742,Monza,12,0.2222222222,0.7777777778,opp,0.0322580645,0.3387096774,1,2021/2022
462,742,Monza,13,0.7990430622,0.2009569378,team,0.935483871,0.3387096774,7,2021/2022
463,742,Monza,14,0.7554112554,0.2445887446,team,0.9677419355,0.4193548387,7,2021/2022
464,742,Monza,15,0.6894409938,0.3105590062,team,0.9032258065,0.5806451613,9,2021/2022
465,742,Monza,16,0.4965675057,0.5034324943,contested,0.6774193548,0.8709677419,9,2021/2022
466,742,Monza,17,0.4784688995,0.5215311005,contested,0.5806451613,0.8387096774,9,2021/2022
467,742,Monza,18,0.1636363636,0.8363636364,opp,0.1935483871,1.0,3,2021/2022
468,742,Monza,19,0.625,0.375,team,0.2258064516,0.0967741935,1,2021/2022
469,742,Monza,20,0.7380952381,0.2619047619,team,0.4677419355,0.2258064516,4,2021/2022
470,742,Monza,21,0.6395663957,0.3604336043,team,0.7419354839,0.4516129032,8,2021/2022
471,742,Monza,22,0.6195121951,0.3804878049,team,0.8387096774,0.6129032258,9,2021/2022
472,742,Monza,23,0.4688644689,0.5311355311,contested,0.3548387097,0.5483870968,2,2021/2022
473,742,Monza,24,0.3097345133,0.6902654867,opp,0.064516129,0.2903225806,1,2021/2022
474,742,Monza,25,0.6288659794,0.3711340206,team,0.1612903226,0.064516129,1,2021/2022
475,742,Monza,26,0.5758513932,0.4241486068,team,0.4677419355,0.4838709677,5,2021/2022
476,742,Monza,27,0.5649202733,0.4350797267,team,0.8064516129,0.7741935484,9,2021/2022
477,742,Monza,28,0.561694291,0.438305709,team,0.8709677419,0.9032258065,9,2021/2022
478,742,Monza,29,0.4802259887,0.5197740113,contested,0.4193548387,0.7096774194,3,2021/2022
479,742,Monza,30,0.4615384615,0.5384615385,contested,0.1290322581,0.2580645161,1,2021/2022
480,1025,Salernitana,1,0.5945945946,0.4054054054,team,0.1612903226,0.1612903226,1,2021/2022
481,1025,Salernitana,2,0.5476190476,0.4523809524,contested,0.7096774194,0.4516129032,8,2021/2022
482,1025,Salernitana,3,0.5204678363,0.4795321637,contested,0.8709677419,0.8709677419,9,2021/2022
483,1025,Salernitana,4,0.5664739884,0.4335260116,team,0.9516129032,0.7741935484,9,2021/2022
484,1025,Salernitana,5,0.4918918919,0.5081081081,contested,0.6774193548,0.6129032258,9,2021/2022
485,1025,Salernitana,6,0.4262295082,0.5737704918,opp,0.1290322581,0.2258064516,1,2021/2022
486,1025,Salernitana,7,0.7218543046,0.2781456954,team,0.3548387097,0.0967741935,1,2021/2022
487,1025,Salernitana,8,0.5826771654,0.4173228346,team,0.4516129032,0.3548387097,4,2021/2022
488,1025,Salernitana,9,0.564556962,0.435443038,team,0.8064516129,0.5483870968,8,2021/2022
489,1025,Salernitana,10,0.395505618,0.604494382,opp,0.6451612903,0.9032258065,9,2021/2022
490,1025,Salernitana,11,0.3344262295,0.6655737705,opp,0.3225806452,0.6774193548,3,2021/2022
491,1025,Salernitana,12,0.1935483871,0.8064516129,opp,0.0322580645,0.2903225806,1,2021/2022
492,1025,Salernitana,13,0.75,0.25,team,0.9516129032,0.3225806452,7,2021/2022
493,1025,Salernitana,14,0.5939675174,0.4060324826,team,0.8387096774,0.5806451613,9,2021/2022
494,1025,Salernitana,15,0.5723014257,0.4276985743,team,0.9032258065,0.7096774194,9,2021/2022
495,1025,Salernitana,16,0.4132231405,0.5867768595,opp,0.7741935484,0.935483871,9,2021/2022
496,1025,Salernitana,17,0.3424657534,0.6575342466,opp,0.4838709677,0.9677419355,6,2021/2022
497,1025,Salernitana,18,0.1628959276,0.8371040724,opp,0.2258064516,1.0,3,2021/2022
498,1025,Salernitana,19,0.7043478261,0.2956521739,team,0.2580645161,0.064516129,1,2021/2022
499,1025,Salernitana,20,0.5605536332,0.4394463668,team,0.5806451613,0.3870967742,7,2021/2022
500,1025,Salernitana,21,0.5277777778,0.4722222222,contested,0.6129032258,0.4838709677,8,2021/2022
501,1025,Salernitana,22,0.4259259259,0.5740740741,opp,0.5483870968,0.7419354839,6,2021/2022
502,1025,Salernitana,23,0.331010453,0.668989547,opp,0.2903225806,0.6451612903,3,2021/2022
503,1025,Salernitana,24,0.2150537634,0.7849462366,opp,0.064516129,0.2580645161,1,2021/2022
504,1025,Salernitana,25,0.593220339,0.406779661,team,0.1935483871,0.1935483871,1,2021/2022
505,1025,Salernitana,26,0.468401487,0.531598513,contested,0.3870967742,0.4193548387,1,2021/2022
506,1025,Salernitana,27,0.4010152284,0.5989847716,opp,0.5161290323,0.8387096774,6,2021/2022
507,1025,Salernitana,28,0.453271028,0.546728972,contested,0.7419354839,0.8064516129,9,2021/2022
508,1025,Salernitana,29,0.4483870968,0.5516129032,opp,0.4193548387,0.5161290323,2,2021/2022
509,1025,Salernitana,30,0.4942528736,0.5057471264,contested,0.0967741935,0.1290322581,1,2021/2022
510,2036,Spezia,1,0.5294117647,0.4705882353,contested,0.1612903226,0.0967741935,1,2021/2022
511,2036,Spezia,2,0.5157232704,0.4842767296,contested,0.6129032258,0.4032258065,7,2021/2022
512,2036,Spezia,3,0.4343891403,0.5656108597,opp,0.7741935484,0.7741935484,9,2021/2022
513,2036,Spezia,4,0.4682352941,0.5317647059,contested,0.8225806452,0.7419354839,9,2021/2022
514,2036,Spezia,5,0.4125326371,0.5874673629,opp,0.5161290323,0.7096774194,6,2021/2022
515,2036,Spezia,6,0.4603174603,0.5396825397,contested,0.1935483871,0.2258064516,1,2021/2022
516,2036,Spezia,7,0.6323529412,0.3676470588,team,0.3225806452,0.1290322581,1,2021/2022
517,2036,Spezia,8,0.5141955836,0.4858044164,contested,0.5806451613,0.4032258065,7,2021/2022
518,2036,Spezia,9,0.456043956,0.543956044,contested,0.6451612903,0.6129032258,9,2021/2022
519,2036,Spezia,10,0.3530927835,0.6469072165,opp,0.4516129032,0.8225806452,6,2021/2022
520,2036,Spezia,11,0.304029304,0.695970696,opp,0.2580645161,0.5806451613,3,2021/2022
521,2036,Spezia,12,0.2857142857,0.7142857143,opp,0.064516129,0.2903225806,1,2021/2022
522,2036,Spezia,13,0.8029661017,0.1970338983,team,0.9677419355,0.3225806452,7,2021/2022
523,2036,Spezia,14,0.6445396146,0.3554603854,team,0.935483871,0.4516129032,8,2021/2022
524,2036,Spezia,15,0.5423340961,0.4576659039,contested,0.9032258065,0.6451612903,9,2021/2022
525,2036,Spezia,16,0.3455723542,0.6544276458,opp,0.5483870968,0.9677419355,6,2021/2022
526,2036,Spezia,17,0.3066037736,0.6933962264,opp,0.4193548387,0.935483871,3,2021/2022
527,2036,Spezia,18,0.1632653061,0.8367346939,opp,0.2258064516,1.0,3,2021/2022
528,2036,Spezia,19,0.6692307692,0.3307692308,team,0.3548387097,0.064516129,1,2021/2022
529,2036,Spezia,20,0.6375838926,0.3624161074,team,0.7419354839,0.3548387097,7,2021/2022
530,2036,Spezia,21,0.5096952909,0.4903047091,contested,0.7096774194,0.5161290323,8,2021/2022
531,2036,Spezia,22,0.3104395604,0.6895604396,opp,0.3870967742,0.8225806452,3,2021/2022
532,2036,Spezia,23,0.3099630996,0.6900369004,opp,0.2903225806,0.5483870968,2,2021/2022
533,2036,Spezia,24,0.2647058824,0.7352941176,opp,0.0322580645,0.2580645161,1,2021/2022
534,2036,Spezia,25,0.462962963,0.537037037,contested,0.1290322581,0.1612903226,1,2021/2022
535,2036,Spezia,26,0.52,0.48,contested,0.6774193548,0.4838709677,8,2021/2022
536,2036,Spezia,27,0.4412416851,0.5587583149,opp,0.8225806452,0.8709677419,9,2021/2022
537,2036,Spezia,28,0.4576612903,0.5423387097,contested,0.8709677419,0.9032258065,9,2021/2022
538,2036,Spezia,29,0.4145658263,0.5854341737,opp,0.4838709677,0.6774193548,6,2021/2022
539,2036,Spezia,30,0.3714285714,0.6285714286,opp,0.0967741935,0.1935483871,1,2021/2022
540,2174,Cremonese,1,0.53,0.47,contested,0.1612903226,0.0967741935,1,2021/2022
541,2174,Cremonese,2,0.4311926606,0.5688073394,opp,0.7258064516,0.6612903226,9,2021/2022
542,2174,Cremonese,3,0.3606138107,0.6393861893,opp,0.7258064516,0.935483871,9,2021/2022
543,2174,Cremonese,4,0.3926553672,0.6073446328,opp,0.6451612903,0.8387096774,9,2021/2022
544,2174,Cremonese,5,0.3614457831,0.6385542169,opp,0.4193548387,0.4838709677,2,2021/2022
545,2174,Cremonese,6,0.3292682927,0.6707317073,opp,0.064516129,0.1612903226,1,2021/2022
546,2174,Cremonese,7,0.5966386555,0.4033613445,team,0.3064516129,0.1290322581,1,2021/2022
547,2174,Cremonese,8,0.5912698413,0.4087301587,team,0.8064516129,0.3387096774,7,2021/2022
548,2174,Cremonese,9,0.4329268293,0.5670731707,opp,0.7741935484,0.6612903226,9,2021/2022
549,2174,Cremonese,10,0.375,0.625,opp,0.4516129032,0.7741935484,6,2021/2022
550,2174,Cremonese,11,0.3194444444,0.6805555556,opp,0.2580645161,0.4193548387,1,2021/2022
551,2174,Cremonese,12,0.25,0.75,opp,0.0322580645,0.1935483871,1,2021/2022
552,2174,Cremonese,13,0.7582159624,0.2417840376,team,0.9677419355,0.3387096774,7,2021/2022
553,2174,Cremonese,14,0.5853658537,0.4146341463,team,0.935483871,0.5322580645,8,2021/2022
554,2174,Cremonese,15,0.5014164306,0.4985835694,contested,0.9032258065,0.5806451613,9,2021/2022
555,2174,Cremonese,16,0.4162162162,0.5837837838,opp,0.8387096774,0.8709677419,9,2021/2022
556,2174,Cremonese,17,0.3448275862,0.6551724138,opp,0.6774193548,0.9677419355,9,2021/2022
557,2174,Cremonese,18,0.1628440367,0.8371559633,opp,0.3064516129,1.0,3,2021/2022
558,2174,Cremonese,19,0.623853211,0.376146789,team,0.2258064516,0.064516129,1,2021/2022
559,2174,Cremonese,20,0.4941634241,0.5058365759,contested,0.5483870968,0.3870967742,4,2021/2022
560,2174,Cremonese,21,0.4703832753,0.5296167247,contested,0.6129032258,0.4516129032,8,2021/2022
561,2174,Cremonese,22,0.396039604,0.603960396,opp,0.4838709677,0.6129032258,6,2021/2022
562,2174,Cremonese,23,0.3307086614,0.6692913386,opp,0.3548387097,0.5322580645,2,2021/2022
563,2174,Cremonese,24,0.2727272727,0.7272727273,opp,0.1290322581,0.2903225806,1,2021/2022
564,2174,Cremonese,25,0.5,0.5,contested,0.1935483871,0.2258064516,1,2021/2022
565,2174,Cremonese,26,0.4,0.6,opp,0.5161290323,0.7258064516,6,2021/2022
566,2174,Cremonese,27,0.3782234957,0.6217765043,opp,0.5806451613,0.9032258065,9,2021/2022
567,2174,Cremonese,28,0.4435261708,0.5564738292,opp,0.8709677419,0.8064516129,9,2021/2022
568,2174,Cremonese,29,0.3201438849,0.6798561151,opp,0.3870967742,0.7258064516,3,2021/2022
569,2174,Cremonese,30,0.2828282828,0.7171717172,opp,0.0967741935,0.2580645161,1,2021/2022
570,2182,Sassuolo,1,0.4895833333,0.5104166667,contested,0.1935483871,0.1935483871,1,2021/2022
571,2182,Sassuolo,2,0.4572368421,0.5427631579,contested,0.4193548387,0.5806451613,3,2021/2022
572,2182,Sassuolo,3,0.5135135135,0.4864864865,contested,0.7741935484,0.6612903226,9,2021/2022
573,2182,Sassuolo,4,0.5027322404,0.4972677596,contested,0.7096774194,0.7096774194,9,2021/2022
574,2182,Sassuolo,5,0.4464944649,0.5535055351,opp,0.3548387097,0.5161290323,2,2021/2022
575,2182,Sassuolo,6,0.4831460674,0.5168539326,contested,0.1290322581,0.1290322581,1,2021/2022
576,2182,Sassuolo,7,0.610619469,0.389380531,team,0.2580645161,0.0967741935,1,2021/2022
577,2182,Sassuolo,8,0.587628866,0.412371134,team,0.5161290323,0.3870967742,4,2021/2022
578,2182,Sassuolo,9,0.549689441,0.450310559,contested,0.6774193548,0.4838709677,8,2021/2022
579,2182,Sassuolo,10,0.4570637119,0.5429362881,contested,0.4838709677,0.7419354839,6,2021/2022
580,2182,Sassuolo,11,0.3542234332,0.6457765668,opp,0.3870967742,0.9032258065,3,2021/2022
581,2182,Sassuolo,12,0.2941176471,0.7058823529,opp,0.0806451613,0.3548387097,1,2021/2022
582,2182,Sassuolo,13,0.8366336634,0.1633663366,team,0.9677419355,0.2580645161,7,2021/2022
583,2182,Sassuolo,14,0.5971428571,0.4028571429,team,0.8387096774,0.4193548387,7,2021/2022
584,2182,Sassuolo,15,0.53125,0.46875,contested,0.8064516129,0.6612903226,9,2021/2022
585,2182,Sassuolo,16,0.3935926773,0.6064073227,opp,0.5806451613,0.935483871,9,2021/2022
586,2182,Sassuolo,17,0.3398821218,0.6601178782,opp,0.6451612903,0.9677419355,9,2021/2022
587,2182,Sassuolo,18,0.1639722864,0.8360277136,opp,0.2903225806,1.0,3,2021/2022
588,2182,Sassuolo,19,0.6285714286,0.3714285714,team,0.1612903226,0.064516129,1,2021/2022
589,2182,Sassuolo,20,0.6928838951,0.3071161049,team,0.7419354839,0.2903225806,7,2021/2022
590,2182,Sassuolo,21,0.6114130435,0.3885869565,team,0.9032258065,0.4516129032,8,2021/2022
591,2182,Sassuolo,22,0.4479166667,0.5520833333,opp,0.5806451613,0.8387096774,9,2021/2022
592,2182,Sassuolo,23,0.3610223642,0.6389776358,opp,0.3225806452,0.8064516129,3,2021/2022
593,2182,Sassuolo,24,0.2347826087,0.7652173913,opp,0.0322580645,0.3225806452,1,2021/2022
594,2182,Sassuolo,25,0.547826087,0.452173913,contested,0.2258064516,0.2258064516,1,2021/2022
595,2182,Sassuolo,26,0.5227963526,0.4772036474,contested,0.5806451613,0.5483870968,8,2021/2022
596,2182,Sassuolo,27,0.5034482759,0.4965517241,contested,0.8709677419,0.8709677419,9,2021/2022
597,2182,Sassuolo,28,0.5717391304,0.4282608696,team,0.935483871,0.7741935484,9,2021/2022
598,2182,Sassuolo,29,0.4924924925,0.5075075075,contested,0.4516129032,0.6129032258,6,2021/2022
599,2182,Sassuolo,30,0.4545454545,0.5454545455,contested,0.0806451613,0.1612903226,1,2021/2022
