match_id,date,home_team_id,away_team_id,home_team_name,away_team_name,prob_home,prob_tie,prob_away,score_home,score_away
3609929,8/13/2021,9937,9825,Brentford,Arsenal,0.224,0.2552,0.5209,2,0
3609934,8/14/2021,10260,8463,Manchester United,Leeds United,0.6282,0.2096,0.1622,5,1
3609933,8/14/2021,8197,8602,Leicester City,Wolverhampton Wanderers,0.5333,0.2512,0.2155,1,0
3609931,8/14/2021,8455,9826,Chelsea,Crystal Palace,0.7531,0.17,0.0769,3,0
3609932,8/14/2021,8668,8466,Everton,Southampton,0.4789,0.2587,0.2624,3,1
3609938,8/14/2021,9817,10252,Watford,Aston Villa,0.3067,0.265,0.4283,3,2
3609930,8/14/2021,8191,10204,Burnley,Brighton & Hove Albion,0.3356,0.2757,0.3888,1,2
3609936,8/14/2021,9850,8650,Norwich City,Liverpool,0.1293,0.1917,0.679,0,3
3609935,8/15/2021,10261,8654,Newcastle United,West Ham United,0.3533,0.2526,0.3941,2,4
3609937,8/15/2021,8586,8456,Tottenham Hotspur,Manchester City,0.2239,0.2199,0.5563,1,0
3609944,8/21/2021,8650,8191,Liverpool,Burnley,0.7621,0.1552,0.0827,2,0
3609945,8/21/2021,8456,9850,Manchester City,Norwich City,0.8281,0.1263,0.0455,5,0
3609942,8/21/2021,9826,9937,Crystal Palace,Brentford,0.4091,0.2778,0.3131,0,0
3609940,8/21/2021,10252,10261,Aston Villa,Newcastle United,0.4917,0.2403,0.268,2,0
3609943,8/21/2021,8463,8668,Leeds United,Everton,0.4038,0.2608,0.3354,2,2
3609941,8/21/2021,10204,9817,Brighton & Hove Albion,Watford,0.5466,0.2571,0.1963,2,0
3609946,8/22/2021,8466,10260,Southampton,Manchester United,0.1837,0.2164,0.6,1,1
3609948,8/22/2021,8602,8586,Wolverhampton Wanderers,Tottenham Hotspur,0.2905,0.2575,0.452,0,1
3609939,8/22/2021,9825,8455,Arsenal,Chelsea,0.2839,0.2677,0.4484,0,2
3609947,8/23/2021,8654,8197,West Ham United,Leicester City,0.3961,0.2506,0.3534,4,1
3609953,8/28/2021,8456,9825,Manchester City,Arsenal,0.6898,0.1931,0.1171,5,0
3609949,8/28/2021,10252,9937,Aston Villa,Brentford,0.5099,0.2566,0.2335,1,1
3609954,8/28/2021,10261,8466,Newcastle United,Southampton,0.4219,0.2548,0.3233,2,2
3609957,8/28/2021,8654,9826,West Ham United,Crystal Palace,0.5911,0.227,0.182,2,2
3609950,8/28/2021,10204,8668,Brighton & Hove Albion,Everton,0.425,0.275,0.3001,0,2
3609955,8/28/2021,9850,8197,Norwich City,Leicester City,0.2627,0.26,0.4773,1,2
3609952,8/28/2021,8650,8455,Liverpool,Chelsea,0.4137,0.2569,0.3294,1,1
3609956,8/29/2021,8586,9817,Tottenham Hotspur,Watford,0.6534,0.2068,0.1399,1,0
3609951,8/29/2021,8191,8463,Burnley,Leeds United,0.3565,0.2559,0.3876,1,1
3609958,8/29/2021,8602,10260,Wolverhampton Wanderers,Manchester United,0.2141,0.2466,0.5393,0,1
3609962,9/11/2021,9826,8586,Crystal Palace,Tottenham Hotspur,0.2345,0.2425,0.523,3,0
3609966,9/11/2021,10260,10261,Manchester United,Newcastle United,0.7076,0.1786,0.1138,4,1
3609959,9/11/2021,9825,9850,Arsenal,Norwich City,0.5833,0.2407,0.176,1,0
3609967,9/11/2021,8466,8654,Southampton,West Ham United,0.3282,0.242,0.4298,0,0
3609968,9/11/2021,9817,8602,Watford,Wolverhampton Wanderers,0.31,0.2895,0.4005,0,2
3609965,9/11/2021,8197,8456,Leicester City,Manchester City,0.1543,0.2017,0.644,0,1
3609960,9/11/2021,9937,10204,Brentford,Brighton & Hove Albion,0.3332,0.2891,0.3778,0,1
3609961,9/11/2021,8455,10252,Chelsea,Aston Villa,0.6941,0.1947,0.1112,3,0
3609964,9/12/2021,8463,8650,Leeds United,Liverpool,0.1796,0.2065,0.6139,0,3
3609963,9/13/2021,8668,8191,Everton,Burnley,0.5412,0.2467,0.2121,3,1
3609974,9/17/2021,10261,8463,Newcastle United,Leeds United,0.3663,0.2469,0.3868,1,1
3609978,9/18/2021,8602,9937,Wolverhampton Wanderers,Brentford,0.4942,0.2837,0.2221,0,2
3609972,9/18/2021,8650,9826,Liverpool,Crystal Palace,0.7755,0.1501,0.0744,3,0
3609973,9/18/2021,8456,8466,Manchester City,Southampton,0.8315,0.1201,0.0484,0,0
3609975,9/18/2021,9850,9817,Norwich City,Watford,0.4123,0.2875,0.3002,1,3
3609971,9/18/2021,8191,9825,Burnley,Arsenal,0.3015,0.2585,0.44,0,1
3609969,9/18/2021,10252,8668,Aston Villa,Everton,0.3826,0.262,0.3554,3,0
3609977,9/19/2021,8654,10260,West Ham United,Manchester United,0.2955,0.2456,0.4589,1,2
3609970,9/19/2021,10204,8197,Brighton & Hove Albion,Leicester City,0.4068,0.2747,0.3185,2,1
3609976,9/19/2021,8586,8455,Tottenham Hotspur,Chelsea,0.2649,0.2494,0.4857,0,3
3609981,9/25/2021,8455,8456,Chelsea,Manchester City,0.3239,0.2617,0.4144,0,1
3609986,9/25/2021,10260,10252,Manchester United,Aston Villa,0.6091,0.2197,0.1712,0,1
3609983,9/25/2021,8668,9850,Everton,Norwich City,0.5809,0.2395,0.1796,2,0
3609988,9/25/2021,9817,10261,Watford,Newcastle United,0.3874,0.2639,0.3487,1,1
3609984,9/25/2021,8463,8654,Leeds United,West Ham United,0.3547,0.2466,0.3987,1,2
3609985,9/25/2021,8197,8191,Leicester City,Burnley,0.5184,0.2442,0.2374,2,2
3609980,9/25/2021,9937,8650,Brentford,Liverpool,0.1236,0.1917,0.6847,3,3
3609987,9/26/2021,8466,8602,Southampton,Wolverhampton Wanderers,0.382,0.2823,0.3356,0,1
3609979,9/26/2021,9825,8586,Arsenal,Tottenham Hotspur,0.4261,0.255,0.3189,3,1
3609982,9/27/2021,9826,10204,Crystal Palace,Brighton & Hove Albion,0.3333,0.2838,0.3829,1,1
3609995,10/2/2021,10260,8668,Manchester United,Everton,0.5868,0.2288,0.1845,1,1
3609991,10/2/2021,8455,8466,Chelsea,Southampton,0.7083,0.1971,0.0946,3,1
3609993,10/2/2021,8463,9817,Leeds United,Watford,0.5246,0.2492,0.2262,1,0
3609998,10/2/2021,8602,10261,Wolverhampton Wanderers,Newcastle United,0.4887,0.2607,0.2507,2,1
3609990,10/2/2021,8191,9850,Burnley,Norwich City,0.4991,0.2593,0.2416,0,0
3609989,10/2/2021,10204,9825,Brighton & Hove Albion,Arsenal,0.3662,0.2795,0.3543,0,0
3609996,10/3/2021,8586,10252,Tottenham Hotspur,Aston Villa,0.4272,0.2507,0.3221,2,1
3609997,10/3/2021,8654,9937,West Ham United,Brentford,0.5269,0.2471,0.226,1,2
3609992,10/3/2021,9826,8197,Crystal Palace,Leicester City,0.3431,0.2652,0.3917,2,2
3609994,10/3/2021,8650,8456,Liverpool,Manchester City,0.3452,0.2328,0.422,2,2
3610008,10/16/2021,9817,8650,Watford,Liverpool,0.1001,0.1592,0.7407,0,5
3610003,10/16/2021,8197,10260,Leicester City,Manchester United,0.2629,0.2409,0.4963,4,2
3610000,10/16/2021,10252,8602,Aston Villa,Wolverhampton Wanderers,0.4524,0.2741,0.2734,2,3
3610006,10/16/2021,9850,10204,Norwich City,Brighton & Hove Albion,0.2681,0.2825,0.4495,0,0
3610004,10/16/2021,8456,8191,Manchester City,Burnley,0.8511,0.1111,0.0378,2,0
3610007,10/16/2021,8466,8463,Southampton,Leeds United,0.3993,0.2628,0.3378,1,0
3610001,10/16/2021,9937,8455,Brentford,Chelsea,0.1773,0.2399,0.5827,0,1
3610002,10/17/2021,8668,8654,Everton,West Ham United,0.4066,0.258,0.3354,0,1
3610005,10/17/2021,10261,8586,Newcastle United,Tottenham Hotspur,0.3035,0.2406,0.4559,2,3
3609999,10/18/2021,9825,9826,Arsenal,Crystal Palace,0.5285,0.2561,0.2154,2,2
3610009,10/22/2021,9825,10252,Arsenal,Aston Villa,0.4613,0.2567,0.2819,3,1
3610012,10/23/2021,8455,9850,Chelsea,Norwich City,0.7703,0.165,0.0647,7,0
3610015,10/23/2021,8463,8602,Leeds United,Wolverhampton Wanderers,0.39,0.2769,0.3331,1,1
3610014,10/23/2021,8668,9817,Everton,Watford,0.5675,0.251,0.1815,2,5
3610013,10/23/2021,9826,10261,Crystal Palace,Newcastle United,0.4461,0.2589,0.295,1,1
3610017,10/23/2021,8466,8191,Southampton,Burnley,0.4535,0.2656,0.2809,2,2
3610011,10/23/2021,10204,8456,Brighton & Hove Albion,Manchester City,0.1188,0.1975,0.6837,1,4
3610010,10/24/2021,9937,8197,Brentford,Leicester City,0.359,0.2577,0.3834,1,2
3610018,10/24/2021,8654,8586,West Ham United,Tottenham Hotspur,0.4407,0.246,0.3133,1,0
3610016,10/24/2021,10260,8650,Manchester United,Liverpool,0.2892,0.2188,0.492,0,5
3610021,10/30/2021,8197,9825,Leicester City,Arsenal,0.3964,0.2504,0.3532,0,2
3610023,10/30/2021,8456,9826,Manchester City,Crystal Palace,0.8408,0.1161,0.043,0,2
3610022,10/30/2021,8650,10204,Liverpool,Brighton & Hove Albion,0.7415,0.163,0.0955,2,2
3610027,10/30/2021,9817,8466,Watford,Southampton,0.3453,0.2732,0.3815,0,1
3610024,10/30/2021,10261,8455,Newcastle United,Chelsea,0.147,0.2026,0.6504,0,3
3610020,10/30/2021,8191,9937,Burnley,Brentford,0.3793,0.2721,0.3486,3,1
3610026,10/30/2021,8586,10260,Tottenham Hotspur,Manchester United,0.3216,0.241,0.4373,0,3
3610025,10/31/2021,9850,8463,Norwich City,Leeds United,0.2705,0.2651,0.4644,1,2
3610019,10/31/2021,10252,8654,Aston Villa,West Ham United,0.3494,0.2507,0.3999,1,4
3610028,11/1/2021,8602,8668,Wolverhampton Wanderers,Everton,0.4377,0.2697,0.2926,2,1
3610037,11/5/2021,8466,10252,Southampton,Aston Villa,0.4098,0.2595,0.3307,1,0
3610036,11/6/2021,10260,8456,Manchester United,Manchester City,0.2246,0.2136,0.5617,0,2
3610033,11/6/2021,9826,8602,Crystal Palace,Wolverhampton Wanderers,0.384,0.2837,0.3323,2,0
3610030,11/6/2021,9937,9850,Brentford,Norwich City,0.5631,0.2526,0.1843,1,2
3610032,11/6/2021,8455,8191,Chelsea,Burnley,0.742,0.1735,0.0845,1,1
3610031,11/6/2021,10204,10261,Brighton & Hove Albion,Newcastle United,0.558,0.2442,0.1978,1,1
3610029,11/7/2021,9825,9817,Arsenal,Watford,0.6195,0.2261,0.1544,1,0
3610034,11/7/2021,8668,8586,Everton,Tottenham Hotspur,0.3861,0.2517,0.3622,0,0
3610035,11/7/2021,8463,8197,Leeds United,Leicester City,0.3776,0.2534,0.369,1,1
3610038,11/7/2021,8654,8650,West Ham United,Liverpool,0.2192,0.2056,0.5751,3,2
3610041,11/20/2021,8197,8455,Leicester City,Chelsea,0.2046,0.2315,0.564,0,3
3610047,11/20/2021,9817,10260,Watford,Manchester United,0.1957,0.2273,0.577,4,1
3610040,11/20/2021,8191,9826,Burnley,Crystal Palace,0.3898,0.2666,0.3436,3,3
3610045,11/20/2021,9850,8466,Norwich City,Southampton,0.2865,0.2753,0.4382,2,1
3610039,11/20/2021,10252,10204,Aston Villa,Brighton & Hove Albion,0.3729,0.2692,0.3578,2,0
3610048,11/20/2021,8602,8654,Wolverhampton Wanderers,West Ham United,0.2841,0.2623,0.4536,1,0
3610044,11/20/2021,10261,9937,Newcastle United,Brentford,0.3583,0.2628,0.3789,3,3
3610042,11/20/2021,8650,9825,Liverpool,Arsenal,0.6733,0.1843,0.1424,4,0
3610043,11/21/2021,8456,8668,Manchester City,Everton,0.8212,0.1244,0.0543,3,0
3610046,11/21/2021,8586,8463,Tottenham Hotspur,Leeds United,0.4472,0.2601,0.2926,2,1
3610049,11/27/2021,9825,10261,Arsenal,Newcastle United,0.5674,0.2339,0.1987,2,0
3610056,11/27/2021,8650,8466,Liverpool,Southampton,0.7952,0.1357,0.0691,4,0
3610058,11/27/2021,9850,8602,Norwich City,Wolverhampton Wanderers,0.2762,0.2805,0.4434,0,0
3610054,11/27/2021,9826,10252,Crystal Palace,Aston Villa,0.4161,0.2588,0.325,1,2
3610051,11/27/2021,10204,8463,Brighton & Hove Albion,Leeds United,0.4487,0.2774,0.2739,0,0
3610050,11/28/2021,9937,8668,Brentford,Everton,0.407,0.2599,0.3332,1,0
3610057,11/28/2021,8456,8654,Manchester City,West Ham United,0.7035,0.1784,0.1182,2,1
3610055,11/28/2021,8197,9817,Leicester City,Watford,0.5204,0.2441,0.2355,4,2
3610053,11/28/2021,8455,10260,Chelsea,Manchester United,0.608,0.2178,0.1742,1,1
3610066,11/30/2021,10261,9850,Newcastle United,Norwich City,0.4765,0.2611,0.2624,1,1
3610061,11/30/2021,8463,9826,Leeds United,Crystal Palace,0.4199,0.2682,0.3119,1,0
3610064,12/1/2021,8602,8191,Wolverhampton Wanderers,Burnley,0.447,0.2691,0.284,0,0
3610067,12/1/2021,8466,8197,Southampton,Leicester City,0.3951,0.2575,0.3474,2,2
3610062,12/1/2021,9817,8455,Watford,Chelsea,0.1159,0.1892,0.6948,1,2
3610063,12/1/2021,8654,10204,West Ham United,Brighton & Hove Albion,0.4979,0.2654,0.2368,1,1
3610060,12/1/2021,8668,8650,Everton,Liverpool,0.1255,0.1687,0.7059,1,4
3610059,12/1/2021,10252,8456,Aston Villa,Manchester City,0.1059,0.1678,0.7263,1,2
3610068,12/2/2021,8586,9937,Tottenham Hotspur,Brentford,0.4723,0.256,0.2717,2,0
3610065,12/2/2021,10260,9825,Manchester United,Arsenal,0.4452,0.2532,0.3016,3,2
3610077,12/4/2021,8654,8455,West Ham United,Chelsea,0.2493,0.2505,0.5002,3,2
3610074,12/4/2021,8466,10204,Southampton,Brighton & Hove Albion,0.3417,0.2895,0.3688,1,1
3610073,12/4/2021,10261,8191,Newcastle United,Burnley,0.3567,0.2541,0.3892,1,0
3610078,12/4/2021,8602,8650,Wolverhampton Wanderers,Liverpool,0.1146,0.1793,0.7061,0,1
3610076,12/4/2021,9817,8456,Watford,Manchester City,0.0825,0.148,0.7695,1,3
3610075,12/5/2021,8586,9850,Tottenham Hotspur,Norwich City,0.5785,0.2435,0.178,3,0
3610071,12/5/2021,8463,9937,Leeds United,Brentford,0.4602,0.2627,0.2771,2,2
3610072,12/5/2021,10260,9826,Manchester United,Crystal Palace,0.5725,0.2279,0.1995,1,0
3610069,12/5/2021,10252,8197,Aston Villa,Leicester City,0.4306,0.2441,0.3253,2,1
3610070,12/6/2021,8668,9825,Everton,Arsenal,0.3223,0.2655,0.4122,2,1
3610081,12/10/2021,9937,9817,Brentford,Watford,0.4542,0.2548,0.291,2,1
3610088,12/11/2021,8456,8602,Manchester City,Wolverhampton Wanderers,0.8165,0.1394,0.0441,1,0
3610087,12/11/2021,8650,10252,Liverpool,Aston Villa,0.7882,0.1358,0.076,1,0
3610080,12/11/2021,9825,8466,Arsenal,Southampton,0.5115,0.257,0.2315,3,0
3610084,12/11/2021,8455,8463,Chelsea,Leeds United,0.6943,0.192,0.1137,3,2
3610089,12/11/2021,9850,10260,Norwich City,Manchester United,0.2002,0.2332,0.5667,0,1
3610086,12/12/2021,8197,10261,Leicester City,Newcastle United,0.5349,0.228,0.2371,4,0
3610083,12/12/2021,8191,8654,Burnley,West Ham United,0.2725,0.2491,0.4785,0,0
3610085,12/12/2021,9826,8668,Crystal Palace,Everton,0.4221,0.2726,0.3053,3,1
3610095,12/14/2021,9850,10252,Norwich City,Aston Villa,0.2883,0.2674,0.4443,0,2
3610099,12/14/2021,8456,8463,Manchester City,Leeds United,0.8072,0.1331,0.0597,7,0
3610092,12/15/2021,10204,8602,Brighton & Hove Albion,Wolverhampton Wanderers,0.4778,0.2993,0.2229,0,1
3610096,12/15/2021,9826,8466,Crystal Palace,Southampton,0.4415,0.2725,0.286,2,2
3610090,12/15/2021,9825,8654,Arsenal,West Ham United,0.408,0.2664,0.3255,2,0
3610097,12/16/2021,8455,8668,Chelsea,Everton,0.701,0.185,0.114,1,1
3610098,12/16/2021,8650,10261,Liverpool,Newcastle United,0.8647,0.0953,0.0401,3,1
3610102,12/18/2021,8463,9825,Leeds United,Arsenal,0.2797,0.2571,0.4633,1,4
3610109,12/19/2021,8602,8455,Wolverhampton Wanderers,Chelsea,0.1856,0.2471,0.5672,0,0
3610104,12/19/2021,10261,8456,Newcastle United,Manchester City,0.0588,0.1194,0.8219,0,4
3610106,12/19/2021,8586,8650,Tottenham Hotspur,Liverpool,0.1382,0.1797,0.6821,2,2
3610114,12/26/2021,8456,8197,Manchester City,Leicester City,0.8188,0.1214,0.0598,6,3
3610117,12/26/2021,8586,9826,Tottenham Hotspur,Crystal Palace,0.4861,0.2554,0.2586,3,0
3610118,12/26/2021,8654,8466,West Ham United,Southampton,0.5334,0.249,0.2176,2,3
3610116,12/26/2021,9850,9825,Norwich City,Arsenal,0.1616,0.2299,0.6085,0,5
3610110,12/26/2021,10252,8455,Aston Villa,Chelsea,0.2119,0.235,0.5531,1,3
3610111,12/26/2021,10204,9937,Brighton & Hove Albion,Brentford,0.4862,0.2707,0.2431,2,0
3610115,12/27/2021,10261,10260,Newcastle United,Manchester United,0.2146,0.2277,0.5577,1,1
3610124,12/28/2021,9826,9850,Crystal Palace,Norwich City,0.5643,0.2523,0.1834,3,0
3610123,12/28/2021,9817,8654,Watford,West Ham United,0.3066,0.2541,0.4393,1,4
3610129,12/28/2021,8466,8586,Southampton,Tottenham Hotspur,0.2905,0.2537,0.4558,1,1
3610127,12/28/2021,8197,8650,Leicester City,Liverpool,0.15,0.1676,0.6824,1,0
3610122,12/29/2021,8455,10204,Chelsea,Brighton & Hove Albion,0.6325,0.2276,0.1399,1,1
3610121,12/29/2021,9937,8456,Brentford,Manchester City,0.0841,0.1445,0.7714,0,1
3610128,12/30/2021,10260,8191,Manchester United,Burnley,0.582,0.2272,0.1908,3,1
3610130,1/1/2022,9825,8456,Arsenal,Manchester City,0.2212,0.2261,0.5526,1,2
3610139,1/1/2022,9817,8586,Watford,Tottenham Hotspur,0.245,0.237,0.518,0,1
3610133,1/1/2022,9826,8654,Crystal Palace,West Ham United,0.3235,0.2608,0.4157,2,3
3610135,1/2/2022,8463,8191,Leeds United,Burnley,0.4413,0.2553,0.3034,3,1
3610131,1/2/2022,9937,10252,Brentford,Aston Villa,0.3778,0.269,0.3533,2,1
3610134,1/2/2022,8668,10204,Everton,Brighton & Hove Albion,0.3396,0.2822,0.3782,2,3
3610132,1/2/2022,8455,8650,Chelsea,Liverpool,0.3261,0.2348,0.439,2,2
3610137,1/3/2022,10260,8602,Manchester United,Wolverhampton Wanderers,0.5536,0.2583,0.1881,0,1
3610105,1/11/2022,8466,9937,Southampton,Brentford,0.4175,0.2702,0.3123,4,1
3610108,1/12/2022,8654,9850,West Ham United,Norwich City,0.6725,0.2022,0.1253,2,0
3610141,1/14/2022,10204,9826,Brighton & Hove Albion,Crystal Palace,0.4879,0.2634,0.2488,1,1
3610144,1/15/2022,8456,8455,Manchester City,Chelsea,0.5859,0.2196,0.1945,1,0
3610149,1/15/2022,8602,8466,Wolverhampton Wanderers,Southampton,0.4439,0.295,0.261,3,1
3610146,1/15/2022,9850,8668,Norwich City,Everton,0.2623,0.2615,0.4762,2,1
3610145,1/15/2022,10261,9817,Newcastle United,Watford,0.3995,0.262,0.3385,1,1
3610140,1/15/2022,10252,10260,Aston Villa,Manchester United,0.3423,0.2558,0.4019,2,2
3610148,1/16/2022,8654,8463,West Ham United,Leeds United,0.5387,0.2307,0.2306,2,3
3610143,1/16/2022,8650,9937,Liverpool,Brentford,0.8069,0.1287,0.0645,3,0
3610161,1/18/2022,10204,8455,Brighton & Hove Albion,Chelsea,0.2495,0.2649,0.4856,1,1
3610094,1/19/2022,8197,8586,Leicester City,Tottenham Hotspur,0.3177,0.2384,0.4439,2,3
3610091,1/19/2022,9937,10260,Brentford,Manchester United,0.2949,0.2535,0.4516,1,3
3610159,1/21/2022,9817,9850,Watford,Norwich City,0.5077,0.2629,0.2294,0,3
3610154,1/22/2022,8668,10252,Everton,Aston Villa,0.3769,0.2581,0.3651,0,1
3610157,1/22/2022,10260,8654,Manchester United,West Ham United,0.4429,0.2388,0.3183,1,0
3610155,1/22/2022,8463,10261,Leeds United,Newcastle United,0.5147,0.2405,0.2448,0,1
3610151,1/22/2022,9937,8602,Brentford,Wolverhampton Wanderers,0.353,0.3006,0.3464,1,2
3610158,1/22/2022,8466,8456,Southampton,Manchester City,0.0914,0.1576,0.751,1,1
3610150,1/23/2022,9825,8191,Arsenal,Burnley,0.6439,0.214,0.1421,0,0
3610156,1/23/2022,8197,10204,Leicester City,Brighton & Hove Albion,0.3693,0.2527,0.378,1,1
3610153,1/23/2022,9826,8650,Crystal Palace,Liverpool,0.1208,0.1666,0.7126,1,3
3610152,1/23/2022,8455,8586,Chelsea,Tottenham Hotspur,0.5008,0.2454,0.2538,2,0
3610093,2/5/2022,8191,9817,Burnley,Watford,0.476,0.2586,0.2655,0,0
3610164,2/8/2022,8654,9817,West Ham United,Watford,0.5584,0.2323,0.2092,1,0
3610166,2/8/2022,10261,8668,Newcastle United,Everton,0.3524,0.2633,0.3842,3,1
3610162,2/8/2022,8191,10260,Burnley,Manchester United,0.2823,0.2546,0.4631,1,1
3610167,2/9/2022,8586,8466,Tottenham Hotspur,Southampton,0.6195,0.2183,0.1622,2,3
3610169,2/9/2022,8456,9937,Manchester City,Brentford,0.8435,0.1152,0.0412,2,0
3610163,2/9/2022,9850,9826,Norwich City,Crystal Palace,0.2839,0.2682,0.4479,1,1
3610160,2/9/2022,10252,8463,Aston Villa,Leeds United,0.4706,0.2494,0.2801,3,3
3610165,2/10/2022,8602,9825,Wolverhampton Wanderers,Arsenal,0.2532,0.2931,0.4537,0,1
3610168,2/10/2022,8650,8197,Liverpool,Leicester City,0.7657,0.1379,0.0965,2,0
3610175,2/12/2022,10260,8466,Manchester United,Southampton,0.5509,0.2322,0.217,1,1
3610179,2/12/2022,9817,10204,Watford,Brighton & Hove Albion,0.2744,0.2746,0.451,0,2
3610170,2/12/2022,9937,9826,Brentford,Crystal Palace,0.3887,0.2679,0.3433,0,0
3610173,2/12/2022,8668,8463,Everton,Leeds United,0.4161,0.2459,0.338,3,0
3610177,2/12/2022,9850,8456,Norwich City,Manchester City,0.0543,0.1326,0.8132,0,4
3610171,2/13/2022,8191,8650,Burnley,Liverpool,0.1068,0.1645,0.7287,0,1
3610176,2/13/2022,10261,10252,Newcastle United,Aston Villa,0.3495,0.2612,0.3894,1,0
3610178,2/13/2022,8586,8602,Tottenham Hotspur,Wolverhampton Wanderers,0.538,0.2638,0.1982,0,2
3610174,2/13/2022,8197,8654,Leicester City,West Ham United,0.3805,0.2391,0.3804,2,2
3610103,2/15/2022,10260,10204,Manchester United,Brighton & Hove Albion,0.4359,0.2696,0.2945,2,0
3610188,2/19/2022,8654,10261,West Ham United,Newcastle United,0.5382,0.2443,0.2175,1,1
3610187,2/19/2022,8466,8668,Southampton,Everton,0.4294,0.2551,0.3155,2,0
3610185,2/19/2022,8650,9850,Liverpool,Norwich City,0.8774,0.0937,0.0289,3,1
3610181,2/19/2022,10252,9817,Aston Villa,Watford,0.5371,0.2499,0.213,0,1
3610182,2/19/2022,10204,8191,Brighton & Hove Albion,Burnley,0.5178,0.2704,0.2118,0,3
3610180,2/19/2022,9825,9937,Arsenal,Brentford,0.6379,0.2245,0.1376,2,1
3610183,2/19/2022,9826,8455,Crystal Palace,Chelsea,0.1966,0.2373,0.5662,0,1
3610186,2/19/2022,8456,8586,Manchester City,Tottenham Hotspur,0.7379,0.1633,0.0988,2,3
3610184,2/20/2022,8463,10260,Leeds United,Manchester United,0.2818,0.236,0.4822,2,4
3610189,2/20/2022,8602,8197,Wolverhampton Wanderers,Leicester City,0.4294,0.267,0.3035,2,1
3610107,2/23/2022,9817,9826,Watford,Crystal Palace,0.342,0.2755,0.3825,1,4
3610052,2/23/2022,8191,8586,Burnley,Tottenham Hotspur,0.2917,0.254,0.4544,1,0
3610113,2/23/2022,8650,8463,Liverpool,Leeds United,0.8137,0.1207,0.0656,6,0
3610120,2/24/2022,9825,8602,Arsenal,Wolverhampton Wanderers,0.5628,0.2715,0.1657,2,1
3610198,2/25/2022,8466,9850,Southampton,Norwich City,0.5672,0.245,0.1878,2,0
3610196,2/26/2022,8463,8586,Leeds United,Tottenham Hotspur,0.2878,0.2311,0.4811,0,4
3610197,2/26/2022,10260,9817,Manchester United,Watford,0.6503,0.2068,0.1429,0,0
3610191,2/26/2022,9937,10261,Brentford,Newcastle United,0.441,0.2731,0.2858,0,2
3610194,2/26/2022,9826,8191,Crystal Palace,Burnley,0.4384,0.279,0.2826,1,1
3610192,2/26/2022,10204,10252,Brighton & Hove Albion,Aston Villa,0.4508,0.2757,0.2735,0,2
3610195,2/26/2022,8668,8456,Everton,Manchester City,0.0811,0.1442,0.7747,0,1
3610199,2/27/2022,8654,8602,West Ham United,Wolverhampton Wanderers,0.432,0.2851,0.2828,1,0
3610142,3/1/2022,8191,8197,Burnley,Leicester City,0.3877,0.2551,0.3572,0,2
3610202,3/5/2022,8197,8463,Leicester City,Leeds United,0.4924,0.2223,0.2854,1,0
3610209,3/5/2022,8602,9826,Wolverhampton Wanderers,Crystal Palace,0.4204,0.2983,0.2813,0,2
3610200,3/5/2022,10252,8466,Aston Villa,Southampton,0.4276,0.2627,0.3097,4,0
3610205,3/5/2022,10261,10204,Newcastle United,Brighton & Hove Albion,0.3533,0.286,0.3607,2,1
3610201,3/5/2022,8191,8455,Burnley,Chelsea,0.182,0.2478,0.5702,0,4
3610206,3/5/2022,9850,9937,Norwich City,Brentford,0.2809,0.2789,0.4402,1,3
3610203,3/5/2022,8650,8654,Liverpool,West Ham United,0.7627,0.1509,0.0864,1,0
3610208,3/6/2022,9817,9825,Watford,Arsenal,0.1677,0.2286,0.6037,2,3
3610204,3/6/2022,8456,10260,Manchester City,Manchester United,0.712,0.1752,0.1128,4,1
3610207,3/7/2022,8586,8668,Tottenham Hotspur,Everton,0.5776,0.2244,0.1979,5,0
3610138,3/10/2022,8466,10261,Southampton,Newcastle United,0.4657,0.2561,0.2782,1,2
3610119,3/10/2022,8602,9817,Wolverhampton Wanderers,Watford,0.4742,0.2833,0.2425,4,0
3610226,3/10/2022,9850,8455,Norwich City,Chelsea,0.0904,0.1772,0.7324,1,3
3610126,3/10/2022,8463,10252,Leeds United,Aston Villa,0.3614,0.252,0.3866,0,3
3610212,3/12/2022,10204,8650,Brighton & Hove Albion,Liverpool,0.135,0.198,0.667,0,2
3610211,3/12/2022,9937,8191,Brentford,Burnley,0.4135,0.2849,0.3016,2,0
3610217,3/12/2022,10260,8586,Manchester United,Tottenham Hotspur,0.3876,0.2432,0.3693,3,2
3610215,3/13/2022,8668,8602,Everton,Wolverhampton Wanderers,0.3828,0.2889,0.3284,0,1
3610218,3/13/2022,8466,9817,Southampton,Watford,0.5204,0.2453,0.2342,1,2
3610219,3/13/2022,8654,10252,West Ham United,Aston Villa,0.4079,0.2658,0.3263,2,1
3610213,3/13/2022,8455,10261,Chelsea,Newcastle United,0.7204,0.1849,0.0947,1,0
3610216,3/13/2022,8463,9850,Leeds United,Norwich City,0.572,0.2371,0.1909,2,1
3610210,3/13/2022,9825,8197,Arsenal,Leicester City,0.6181,0.2094,0.1725,2,0
3610214,3/14/2022,9826,8456,Crystal Palace,Manchester City,0.0942,0.1687,0.737,0,0
3610082,3/16/2022,10204,8586,Brighton & Hove Albion,Tottenham Hotspur,0.3044,0.2594,0.4363,0,2
3610190,3/16/2022,9825,8650,Arsenal,Liverpool,0.2211,0.2258,0.5531,0,2
3610125,3/17/2022,8668,10261,Everton,Newcastle United,0.4364,0.2717,0.2919,1,0
3610229,3/18/2022,8602,8463,Wolverhampton Wanderers,Leeds United,0.4607,0.2705,0.2688,2,3
3610220,3/19/2022,10252,9825,Aston Villa,Arsenal,0.2893,0.2658,0.445,0,1
3610222,3/20/2022,8197,9937,Leicester City,Brentford,0.4554,0.2495,0.2951,2,1
3610227,3/20/2022,8586,8654,Tottenham Hotspur,West Ham United,0.5295,0.2328,0.2377,3,1
3610234,4/2/2022,8650,9817,Liverpool,Watford,0.8697,0.097,0.0333,2,0
3610239,4/2/2022,10204,9850,Brighton & Hove Albion,Norwich City,0.6261,0.2344,0.1395,0,0
3610235,4/2/2022,8463,8466,Leeds United,Southampton,0.4109,0.2417,0.3474,1,1
3610230,4/2/2022,8602,10252,Wolverhampton Wanderers,Aston Villa,0.3531,0.2947,0.3522,2,1
3610238,4/2/2022,8191,8456,Burnley,Manchester City,0.0745,0.1583,0.7671,0,2
3610237,4/2/2022,8455,9937,Chelsea,Brentford,0.6821,0.204,0.1139,1,4
3610233,4/2/2022,10260,8197,Manchester United,Leicester City,0.5601,0.2204,0.2195,1,1
3610231,4/3/2022,8654,8668,West Ham United,Everton,0.5041,0.2541,0.2418,2,1
3610232,4/3/2022,8586,10261,Tottenham Hotspur,Newcastle United,0.6498,0.207,0.1432,5,1
3610236,4/4/2022,9826,9825,Crystal Palace,Arsenal,0.2422,0.2662,0.4916,3,0
3610112,4/6/2022,8191,8668,Burnley,Everton,0.4031,0.2934,0.3036,3,2
3610243,4/8/2022,10261,8602,Newcastle United,Wolverhampton Wanderers,0.373,0.2921,0.3348,1,0
3610246,4/9/2022,8668,10260,Everton,Manchester United,0.2967,0.2517,0.4515,1,0
3610249,4/9/2022,9825,10204,Arsenal,Brighton & Hove Albion,0.5851,0.2513,0.1636,1,2
3610240,4/9/2022,9817,8463,Watford,Leeds United,0.3544,0.2521,0.3936,0,3
3610241,4/9/2022,8466,8455,Southampton,Chelsea,0.2236,0.2364,0.54,0,6
3610248,4/9/2022,10252,8586,Aston Villa,Tottenham Hotspur,0.2757,0.2415,0.4827,0,4
3610247,4/10/2022,9937,8654,Brentford,West Ham United,0.3927,0.2616,0.3457,2,0
3610245,4/10/2022,8197,9826,Leicester City,Crystal Palace,0.3767,0.2607,0.3626,2,1
3610242,4/10/2022,9850,8191,Norwich City,Burnley,0.2572,0.2803,0.4625,2,0
3610244,4/10/2022,8456,8650,Manchester City,Liverpool,0.4436,0.2488,0.3075,2,2
3610253,4/16/2022,8586,10204,Tottenham Hotspur,Brighton & Hove Albion,0.6058,0.2223,0.1719,0,1
3610252,4/16/2022,9817,9937,Watford,Brentford,0.2957,0.2646,0.4397,1,2
3610256,4/16/2022,10260,9850,Manchester United,Norwich City,0.6934,0.195,0.1117,3,2
3610254,4/16/2022,8466,9825,Southampton,Arsenal,0.2069,0.2339,0.5592,1,0
3610251,4/17/2022,8654,8191,West Ham United,Burnley,0.4804,0.2654,0.2542,1,1
3610255,4/17/2022,10261,8197,Newcastle United,Leicester City,0.3731,0.2632,0.3637,2,1
3610223,4/19/2022,8650,10260,Liverpool,Manchester United,0.7494,0.157,0.0936,4,0
3610101,4/20/2022,8668,8197,Everton,Leicester City,0.3917,0.2573,0.351,1,1
3610225,4/20/2022,10261,9826,Newcastle United,Crystal Palace,0.3499,0.2804,0.3697,1,0
3610172,4/20/2022,8455,9825,Chelsea,Arsenal,0.4696,0.2578,0.2726,2,4
3610224,4/20/2022,8456,10204,Manchester City,Brighton & Hove Albion,0.7941,0.1562,0.0497,3,0
3610221,4/21/2022,8191,8466,Burnley,Southampton,0.4195,0.266,0.3145,2,0
3610269,4/23/2022,9825,10260,Arsenal,Manchester United,0.5643,0.2358,0.1999,3,1
3610260,4/23/2022,9850,10261,Norwich City,Newcastle United,0.2861,0.2697,0.4441,0,3
3610263,4/23/2022,8197,10252,Leicester City,Aston Villa,0.3609,0.2565,0.3826,0,0
3610261,4/23/2022,8456,9817,Manchester City,Watford,0.9064,0.0791,0.0145,5,1
3610268,4/23/2022,9937,8586,Brentford,Tottenham Hotspur,0.2508,0.233,0.5163,0,0
3610265,4/24/2022,8455,8654,Chelsea,West Ham United,0.6364,0.2078,0.1558,1,0
3610267,4/24/2022,10204,8466,Brighton & Hove Albion,Southampton,0.4467,0.2697,0.2837,2,2
3610266,4/24/2022,8191,8602,Burnley,Wolverhampton Wanderers,0.4003,0.2992,0.3004,1,0
3610262,4/24/2022,8650,8668,Liverpool,Everton,0.8494,0.109,0.0416,2,0
3610264,4/25/2022,9826,8463,Crystal Palace,Leeds United,0.4817,0.2509,0.2675,0,0
3610296,4/28/2022,10260,8455,Manchester United,Chelsea,0.3015,0.246,0.4524,1,1
3610275,4/30/2022,10261,8650,Newcastle United,Liverpool,0.0763,0.1574,0.7663,0,1
3610274,4/30/2022,8466,9826,Southampton,Crystal Palace,0.3511,0.2685,0.3805,1,2
3610272,4/30/2022,9817,8191,Watford,Burnley,0.3239,0.2775,0.3986,1,2
3610270,4/30/2022,8602,10204,Wolverhampton Wanderers,Brighton & Hove Albion,0.3502,0.3096,0.3402,0,3
3610279,4/30/2022,10252,9850,Aston Villa,Norwich City,0.6179,0.2258,0.1562,2,0
3610277,4/30/2022,8463,8456,Leeds United,Manchester City,0.0746,0.1374,0.788,0,4
3610278,5/1/2022,8668,8455,Everton,Chelsea,0.2011,0.2317,0.5673,1,0
3610273,5/1/2022,8586,8197,Tottenham Hotspur,Leicester City,0.6279,0.2085,0.1636,3,1
3610271,5/1/2022,8654,9825,West Ham United,Arsenal,0.2295,0.2449,0.5257,1,2
3610276,5/2/2022,10260,9937,Manchester United,Brentford,0.4262,0.2557,0.3181,3,0
3610285,5/7/2022,8455,8602,Chelsea,Wolverhampton Wanderers,0.685,0.2092,0.1058,2,2
3610286,5/7/2022,8191,10252,Burnley,Aston Villa,0.3304,0.2812,0.3884,1,3
3610288,5/7/2022,9937,8466,Brentford,Southampton,0.4741,0.2501,0.2758,3,0
3610284,5/7/2022,9826,9817,Crystal Palace,Watford,0.4817,0.2668,0.2516,1,0
3610287,5/7/2022,10204,10260,Brighton & Hove Albion,Manchester United,0.3867,0.2724,0.3408,4,0
3610282,5/7/2022,8650,8586,Liverpool,Tottenham Hotspur,0.6823,0.1843,0.1334,1,1
3610280,5/8/2022,9850,8654,Norwich City,West Ham United,0.2961,0.2606,0.4432,0,4
3610289,5/8/2022,9825,8463,Arsenal,Leeds United,0.6637,0.1991,0.1372,2,1
3610283,5/8/2022,8197,8668,Leicester City,Everton,0.4215,0.2704,0.3081,1,2
3610281,5/8/2022,8456,10261,Manchester City,Newcastle United,0.8385,0.1252,0.0362,5,0
3610259,5/10/2022,10252,8650,Aston Villa,Liverpool,0.1445,0.2053,0.6502,1,2
3610257,5/11/2022,8463,8455,Leeds United,Chelsea,0.2246,0.2209,0.5545,0,3
3610136,5/11/2022,8197,9850,Leicester City,Norwich City,0.4947,0.2507,0.2546,3,0
3610228,5/11/2022,9817,8668,Watford,Everton,0.3111,0.273,0.416,0,0
3610250,5/11/2022,8602,8456,Wolverhampton Wanderers,Manchester City,0.0773,0.1637,0.759,1,5
3610147,5/12/2022,8586,9825,Tottenham Hotspur,Arsenal,0.416,0.2532,0.3308,3,0
3610293,5/15/2022,8586,8191,Tottenham Hotspur,Burnley,0.6995,0.1882,0.1123,1,0
3610290,5/15/2022,8602,9850,Wolverhampton Wanderers,Norwich City,0.4921,0.2631,0.2448,1,1
3610291,5/15/2022,8654,8456,West Ham United,Manchester City,0.1031,0.1706,0.7264,2,2
3610292,5/15/2022,9817,8197,Watford,Leicester City,0.3212,0.2651,0.4137,1,5
3610299,5/15/2022,10252,9826,Aston Villa,Crystal Palace,0.3961,0.2879,0.316,1,1
3610297,5/15/2022,8463,10204,Leeds United,Brighton & Hove Albion,0.3321,0.2617,0.4061,1,1
3610298,5/15/2022,8668,9937,Everton,Brentford,0.3386,0.2746,0.3868,2,3
3610295,5/16/2022,10261,9825,Newcastle United,Arsenal,0.2077,0.2533,0.539,2,0
3610294,5/17/2022,8466,8650,Southampton,Liverpool,0.0706,0.1319,0.7975,1,2
3610258,5/19/2022,8668,9826,Everton,Crystal Palace,0.3243,0.2869,0.3888,3,2
3610100,5/19/2022,10252,8191,Aston Villa,Burnley,0.4813,0.2675,0.2512,1,1
3610193,5/19/2022,8455,8197,Chelsea,Leicester City,0.514,0.2375,0.2485,1,1
3610307,5/22/2022,8650,8602,Liverpool,Wolverhampton Wanderers,0.8312,0.1278,0.041,3,1
3610300,5/22/2022,9825,8668,Arsenal,Everton,0.5927,0.2336,0.1737,5,1
3610303,5/22/2022,8191,10261,Burnley,Newcastle United,0.4326,0.2804,0.287,1,2
3610302,5/22/2022,10204,8654,Brighton & Hove Albion,West Ham United,0.4126,0.2704,0.317,3,1
3610306,5/22/2022,8197,8466,Leicester City,Southampton,0.432,0.2515,0.3165,4,1
3610305,5/22/2022,9826,10260,Crystal Palace,Manchester United,0.3928,0.2682,0.3389,1,0
3610309,5/22/2022,9850,8586,Norwich City,Tottenham Hotspur,0.0701,0.1417,0.7882,0,5
3610304,5/22/2022,8455,9817,Chelsea,Watford,0.5947,0.2191,0.1862,2,1
3610301,5/22/2022,9937,8463,Brentford,Leeds United,0.4537,0.2447,0.3016,1,2
3610308,5/22/2022,8456,10252,Manchester City,Aston Villa,0.7856,0.1472,0.0672,3,2
