,minutes,touches,role,playerId,teamId,playerName,xGOT,goals_conceded,match_id,date,teamName
0,90,,Keeper,245555,10205,Geronimo Rulli,0.09,0,3629100,2021-08-16 20:00:00,Villarreal
1,90,,Keeper,534955,7878,Aaron Escandell,0.30,0,3629100,2021-08-16 20:00:00,Granada
2,90,,Keeper,486981,8385,Jeremias Ledesma,1.09,1,3629096,2021-08-14 19:30:00,Cadiz
3,90,,Keeper,213471,8581, Aitor,1.11,1,3629096,2021-08-14 19:30:00,Levante
4,90,,Keeper,948800,10267,Giorgi Mamardashvili,0.79,0,3629099,2021-08-13 21:00:00,Valencia
5,90,,Keeper,581919,8305,David Soria,1.17,1,3629099,2021-08-13 21:00:00,Getafe
6,90,,Keeper,114762,8661,Manolo Reina,0.38,1,3629095,2021-08-14 19:30:00,Mallorca
7,90,,Keeper,361717,8603,Rui Silva,1.29,1,3629095,2021-08-14 19:30:00,Real Betis
8,90,,Keeper,40672,10268,Francisco Casilla,0.45,0,3629101,2021-08-16 22:00:00,Elche
9,90,,Keeper,1280020,8315,Julen Agirrezabala,0.22,0,3629101,2021-08-16 22:00:00,Athletic Club
10,90,,Keeper,241059,9866,Fernando Pacheco,2.25,4,3629092,2021-08-14 22:00:00,Deportivo Alaves
11,90,,Keeper,170323,8633,Thibaut Courtois,1.23,1,3629092,2021-08-14 22:00:00,Real Madrid
12,90,,Keeper,683762,8371,Sergio Herrera,0.19,0,3629097,2021-08-14 22:00:00,Osasuna
13,90,,Keeper,592412,9910,Matias Dituro,2.49,2,3629094,2021-08-15 17:30:00,Celta Vigo
14,90,,Keeper,177126,9906,Jan Oblak,1.15,1,3629094,2021-08-15 17:30:00,Atletico Madrid
15,90,,Keeper,361717,8603,Rui Silva,1.35,1,3629107,2021-08-20 21:00:00,Real Betis
16,90,,Keeper,486981,8385,Jeremias Ledesma,2.01,1,3629107,2021-08-20 21:00:00,Cadiz
17,90,,Keeper,581919,8305,David Soria,0.60,1,3629108,2021-08-23 20:00:00,Getafe
18,90,,Keeper,340020,8302,Yassine Bounou,0,0,3629108,2021-08-23 20:00:00,Sevilla
19,90,,Keeper,280818,8302,Marko Dmitrovic,0.55,0,3629098,2021-08-15 22:15:00,Sevilla
20,16,,Keeper,770880,8370,Luca Zidane,3.47,0,3629098,2021-08-15 22:15:00,Rayo Vallecano
21,90,,Keeper,683762,8371,Sergio Herrera,0,0,3629112,2021-08-23 22:00:00,Osasuna
22,90,,Keeper,592412,9910,Matias Dituro,1.89,0,3629112,2021-08-23 22:00:00,Celta Vigo
23,90,,Keeper,176186,8634, Neto,1.96,2,3629093,2021-08-15 20:00:00,Barcelona
24,90,,Keeper,616539,8560,Alex Remiro,3.01,4,3629093,2021-08-15 20:00:00,Real Sociedad
25,90,,Keeper,41466,8558,Diego Lopez,0.16,0,3629110,2021-08-21 19:30:00,Espanyol
26,90,,Keeper,245555,10205,Geronimo Rulli,1.12,0,3629110,2021-08-21 19:30:00,Villarreal
27,90,,Keeper,534955,7878,Aaron Escandell,1.62,1,3629109,2021-08-21 19:30:00,Granada
28,90,,Keeper,948800,10267,Giorgi Mamardashvili,0.63,1,3629109,2021-08-21 19:30:00,Valencia
29,90,,Keeper,241059,9866,Fernando Pacheco,0.83,1,3629104,2021-08-21 17:00:00,Deportivo Alaves
30,90,,Keeper,114762,8661,Manolo Reina,0.70,0,3629104,2021-08-21 17:00:00,Mallorca
31,90,,Keeper,616539,8560,Alex Remiro,0.04,0,3629113,2021-08-22 17:00:00,Real Sociedad
32,90,,Keeper,254241,8370,Stole Dimitrievski,1.93,1,3629113,2021-08-22 17:00:00,Rayo Vallecano
33,87,,Keeper,213471,8581, Aitor,2.64,3,3629111,2021-08-22 22:00:00,Levante
34,90,,Keeper,170323,8633,Thibaut Courtois,1.67,3,3629111,2021-08-22 22:00:00,Real Madrid
35,90,,Keeper,177126,9906,Jan Oblak,0.11,0,3629106,2021-08-22 19:30:00,Atletico Madrid
36,90,,Keeper,40672,10268,Francisco Casilla,1.27,1,3629106,2021-08-22 19:30:00,Elche
37,90,,Keeper,1280020,8315,Julen Agirrezabala,0.61,1,3629105,2021-08-21 22:00:00,Athletic Club
38,90,,Keeper,176186,8634, Neto,1.51,1,3629105,2021-08-21 22:00:00,Barcelona
39,90,,Keeper,592412,9910,Matias Dituro,1.13,1,3629117,2021-08-28 17:00:00,Celta Vigo
40,90,,Keeper,660625,8315,Unai Simon,0,0,3629117,2021-08-28 17:00:00,Athletic Club
41,90,,Keeper,40672,10268,Francisco Casilla,0.49,1,3629123,2021-08-28 19:30:00,Elche
42,90,,Keeper,340020,8302,Yassine Bounou,0.26,1,3629123,2021-08-28 19:30:00,Sevilla
43,90,,Keeper,948800,10267,Giorgi Mamardashvili,0.31,0,3629121,2021-08-27 22:15:00,Valencia
44,90,,Keeper,241059,9866,Fernando Pacheco,2.93,3,3629121,2021-08-27 22:15:00,Deportivo Alaves
45,90,,Keeper,114762,8661,Manolo Reina,0.26,0,3629118,2021-08-27 20:00:00,Mallorca
46,90,,Keeper,41466,8558,Diego Lopez,1.63,1,3629118,2021-08-27 20:00:00,Espanyol
47,90,,Keeper,184554,8634,Marc-Andre ter Stegen,0.18,1,3629115,2021-08-29 17:00:00,Barcelona
48,90,,Keeper,581919,8305,David Soria,0.43,2,3629115,2021-08-29 17:00:00,Getafe
49,90,,Keeper,254241,8370,Stole Dimitrievski,0.40,0,3629122,2021-08-29 19:30:00,Rayo Vallecano
50,90,,Keeper,534955,7878,Aaron Escandell,2.02,4,3629122,2021-08-29 19:30:00,Granada
51,90,,Keeper,361717,8603,Rui Silva,0.55,1,3629116,2021-08-28 22:00:00,Real Betis
52,90,,Keeper,170323,8633,Thibaut Courtois,0.81,0,3629116,2021-08-28 22:00:00,Real Madrid
53,90,,Keeper,486981,8385,Jeremias Ledesma,2.63,3,3629119,2021-08-29 19:30:00,Cadiz
54,90,,Keeper,683762,8371,Sergio Herrera,1.51,2,3629119,2021-08-29 19:30:00,Osasuna
55,90,,Keeper,616539,8560,Alex Remiro,0,0,3629120,2021-08-28 19:30:00,Real Sociedad
56,90,,Keeper,1041445,8581,Dani Cárdenas,0.23,1,3629120,2021-08-28 19:30:00,Levante
57,90,,Keeper,660625,8315,Unai Simon,0.03,0,3629124,2021-09-11 21:00:00,Athletic Club
58,90,,Keeper,114762,8661,Manolo Reina,1.44,2,3629124,2021-09-11 21:00:00,Mallorca
59,90,,Keeper,213471,8581, Aitor,1.50,1,3629129,2021-09-11 18:30:00,Levante
60,90,,Keeper,254241,8370,Stole Dimitrievski,1.04,1,3629129,2021-09-11 18:30:00,Rayo Vallecano
61,90,,Keeper,592412,9910,Matias Dituro,1.72,2,3629138,2021-09-17 21:00:00,Celta Vigo
62,90,,Keeper,486981,8385,Jeremias Ledesma,0.71,1,3629138,2021-09-17 21:00:00,Cadiz
63,90,,Keeper,177126,9906,Jan Oblak,0.81,2,3629114,2021-08-29 22:00:00,Atletico Madrid
64,90,,Keeper,245555,10205,Geronimo Rulli,0.92,2,3629114,2021-08-29 22:00:00,Villarreal
65,90,,Keeper,777035,7878,Luis Maximiano,2.67,2,3629127,2021-09-13 22:00:00,Granada
66,90,,Keeper,361717,8603,Rui Silva,0.23,1,3629127,2021-09-13 22:00:00,Real Betis
67,90,,Keeper,41466,8558,Diego Lopez,0.81,2,3629128,2021-09-12 14:00:00,Espanyol
68,90,,Keeper,177126,9906,Jan Oblak,0.59,1,3629128,2021-09-12 14:00:00,Atletico Madrid
69,90,,Keeper,581919,8305,David Soria,1.09,1,3629125,2021-09-13 20:00:00,Getafe
70,90,,Keeper,40672,10268,Francisco Casilla,0.03,0,3629125,2021-09-13 20:00:00,Elche
71,90,,Keeper,486981,8385,Jeremias Ledesma,2.33,2,3629126,2021-09-12 18:30:00,Cadiz
72,90,,Keeper,616539,8560,Alex Remiro,0.06,0,3629126,2021-09-12 18:30:00,Real Sociedad
73,90,,Keeper,683762,8371,Sergio Herrera,1.81,4,3629130,2021-09-12 16:15:00,Osasuna
74,90,,Keeper,948800,10267,Giorgi Mamardashvili,0.71,1,3629130,2021-09-12 16:15:00,Valencia
75,90,,Keeper,170323,8633,Thibaut Courtois,1.93,2,3629131,2021-09-12 21:00:00,Real Madrid
76,90,,Keeper,592412,9910,Matias Dituro,5.24,5,3629131,2021-09-12 21:00:00,Celta Vigo
77,90,,Keeper,254241,8370,Stole Dimitrievski,1.27,0,3629142,2021-09-18 14:00:00,Rayo Vallecano
78,90,,Keeper,581919,8305,David Soria,2.52,3,3629142,2021-09-18 14:00:00,Getafe
79,90,,Keeper,177126,9906,Jan Oblak,0,0,3629135,2021-09-18 16:15:00,Atletico Madrid
80,90,,Keeper,660625,8315,Unai Simon,0.60,0,3629135,2021-09-18 16:15:00,Athletic Club
81,90,,Keeper,184554,8634,Marc-Andre ter Stegen,0.67,1,3629136,2021-09-20 21:00:00,Barcelona
82,90,,Keeper,777035,7878,Luis Maximiano,1.73,1,3629136,2021-09-20 21:00:00,Granada
83,90,,Keeper,683762,8371,Sergio Herrera,3.09,3,3629150,2021-09-23 19:30:00,Osasuna
84,90,,Keeper,37421,8603,Claudio Bravo,1.55,1,3629150,2021-09-23 19:30:00,Real Betis
85,90,,Keeper,40672,10268,Francisco Casilla,1.23,1,3629143,2021-09-18 18:30:00,Elche
86,90,,Keeper,1041445,8581,Dani Cárdenas,0.76,1,3629143,2021-09-18 18:30:00,Levante
87,90,,Keeper,530468,9866,Antonio Sivera,1.83,2,3629134,2021-09-18 21:00:00,Deportivo Alaves
88,90,,Keeper,683762,8371,Sergio Herrera,0.15,0,3629134,2021-09-18 21:00:00,Osasuna
89,90,,Keeper,777035,7878,Luis Maximiano,2.98,3,3629147,2021-09-23 19:30:00,Granada
90,90,,Keeper,185644,8560,Mathew Ryan,1.26,2,3629147,2021-09-23 19:30:00,Real Sociedad
91,90,,Keeper,41466,8558,Diego Lopez,0.24,0,3629148,2021-09-22 19:30:00,Espanyol
92,90,,Keeper,241059,9866,Fernando Pacheco,1.73,1,3629148,2021-09-22 19:30:00,Deportivo Alaves
93,90,,Keeper,340020,8302,Yassine Bounou,0.59,1,3629152,2021-09-22 19:30:00,Sevilla
94,90,,Keeper,948800,10267,Giorgi Mamardashvili,0.60,3,3629152,2021-09-22 19:30:00,Valencia
95,90,,Keeper,170323,8633,Thibaut Courtois,0.67,1,3629151,2021-09-22 22:00:00,Real Madrid
96,90,,Keeper,114762,8661,Manolo Reina,3.51,6,3629151,2021-09-22 22:00:00,Mallorca
97,90,,Keeper,170323,8633,Thibaut Courtois,0.35,0,3629159,2021-09-25 21:00:00,Real Madrid
98,90,,Keeper,245555,10205,Geronimo Rulli,1.19,0,3629159,2021-09-25 21:00:00,Villarreal
99,90,,Keeper,486981,8385,Jeremias Ledesma,0.16,0,3629146,2021-09-23 22:00:00,Cadiz
100,90,,Keeper,184554,8634,Marc-Andre ter Stegen,0.80,0,3629146,2021-09-23 22:00:00,Barcelona
101,90,,Keeper,212512,10267,Jasper Cillessen,0.86,1,3629162,2021-09-25 16:15:00,Valencia
102,90,,Keeper,660625,8315,Unai Simon,1.56,1,3629162,2021-09-25 16:15:00,Athletic Club
103,90,,Keeper,96623,10205,Sergio Asenjo,1.03,1,3629153,2021-09-22 22:00:00,Villarreal
104,90,,Keeper,40672,10268,Francisco Casilla,3.54,4,3629153,2021-09-22 22:00:00,Elche
105,90,,Keeper,241059,9866,Fernando Pacheco,0.10,0,3629154,2021-09-25 14:00:00,Deportivo Alaves
106,90,,Keeper,177126,9906,Jan Oblak,0.51,1,3629154,2021-09-25 14:00:00,Atletico Madrid
107,90,,Keeper,581919,8305,David Soria,1.32,2,3629145,2021-09-21 19:30:00,Getafe
108,90,,Keeper,177126,9906,Jan Oblak,0.24,1,3629145,2021-09-21 19:30:00,Atletico Madrid
109,90,,Keeper,340020,8302,Yassine Bounou,0.25,0,3629161,2021-09-25 18:30:00,Sevilla
110,90,,Keeper,41466,8558,Diego Lopez,2.16,2,3629161,2021-09-25 18:30:00,Espanyol
111,90,,Keeper,660625,8315,Unai Simon,1.41,2,3629144,2021-09-21 22:00:00,Athletic Club
112,90,,Keeper,254241,8370,Stole Dimitrievski,0.11,1,3629144,2021-09-21 22:00:00,Rayo Vallecano
113,90,,Keeper,651910,8661,Dominik Greif,1.47,3,3629158,2021-09-26 14:00:00,Mallorca
114,90,,Keeper,683762,8371,Sergio Herrera,4.30,2,3629158,2021-09-26 14:00:00,Osasuna
115,90,,Keeper,1041445,8581,Dani Cárdenas,1.61,2,3629149,2021-09-21 22:00:00,Levante
116,90,,Keeper,592412,9910,Matias Dituro,1.19,0,3629149,2021-09-21 22:00:00,Celta Vigo
117,90,,Keeper,184554,8634,Marc-Andre ter Stegen,0.75,0,3629155,2021-09-26 16:15:00,Barcelona
118,90,,Keeper,213471,8581, Aitor,2.96,3,3629155,2021-09-26 16:15:00,Levante
119,90,,Keeper,616539,8560,Alex Remiro,0.43,0,3629160,2021-09-26 18:30:00,Real Sociedad
120,90,,Keeper,40672,10268,Francisco Casilla,1.27,1,3629160,2021-09-26 18:30:00,Elche
121,90,,Keeper,254241,8370,Stole Dimitrievski,0.77,1,3629163,2021-09-26 18:30:00,Rayo Vallecano
122,90,,Keeper,486981,8385,Jeremias Ledesma,3.11,3,3629163,2021-09-26 18:30:00,Cadiz
123,90,,Keeper,37421,8603,Claudio Bravo,0.35,0,3629156,2021-09-26 21:00:00,Real Betis
124,90,,Keeper,581919,8305,David Soria,1.58,2,3629156,2021-09-26 21:00:00,Getafe
125,90,,Keeper,948800,10267,Giorgi Mamardashvili,1.65,2,3629141,2021-09-19 21:00:00,Valencia
126,90,,Keeper,170323,8633,Thibaut Courtois,0.84,1,3629141,2021-09-19 21:00:00,Real Madrid
127,90,,Keeper,114762,8661,Manolo Reina,0.78,0,3629139,2021-09-19 14:00:00,Mallorca
128,90,,Keeper,245555,10205,Geronimo Rulli,0.08,0,3629139,2021-09-19 14:00:00,Villarreal
129,90,,Keeper,616539,8560,Alex Remiro,0.40,0,3629140,2021-09-19 16:15:00,Real Sociedad
130,90,,Keeper,340020,8302,Yassine Bounou,1.68,0,3629140,2021-09-19 16:15:00,Sevilla
131,90,,Keeper,592412,9910,Matias Dituro,0.58,0,3629157,2021-09-27 21:00:00,Celta Vigo
132,77,,Keeper,777035,7878,Luis Maximiano,1.51,0,3629157,2021-09-27 21:00:00,Granada
133,13,,Keeper,534955,7878,Aaron Escandell,1.51,1,3629157,2021-09-27 21:00:00,Granada
134,90,,Keeper,37421,8603,Claudio Bravo,0.85,2,3629137,2021-09-19 18:30:00,Real Betis
135,90,,Keeper,41466,8558,Diego Lopez,2.29,2,3629137,2021-09-19 18:30:00,Espanyol
136,90,,Keeper,660625,8315,Unai Simon,0.26,0,3629164,2021-10-01 21:00:00,Athletic Club
137,90,,Keeper,241059,9866,Fernando Pacheco,1.91,1,3629164,2021-10-01 21:00:00,Deportivo Alaves
138,90,,Keeper,683762,8371,Sergio Herrera,0,0,3629171,2021-10-02 14:00:00,Osasuna
139,90,,Keeper,114762,8661,Manolo Reina,1.26,0,3629166,2021-10-02 16:15:00,Mallorca
140,90,,Keeper,213471,8581, Aitor,1.27,1,3629166,2021-10-02 16:15:00,Levante
141,90,,Keeper,486981,8385,Jeremias Ledesma,0.35,0,3629168,2021-10-02 18:30:00,Cadiz
142,90,,Keeper,212512,10267,Jasper Cillessen,0.02,0,3629168,2021-10-02 18:30:00,Valencia
143,90,,Keeper,177126,9906,Jan Oblak,0.82,0,3629165,2021-10-02 21:00:00,Atletico Madrid
144,90,,Keeper,184554,8634,Marc-Andre ter Stegen,1.81,2,3629165,2021-10-02 21:00:00,Barcelona
145,90,,Keeper,581919,8305,David Soria,1.63,1,3629167,2021-10-03 18:30:00,Getafe
146,90,,Keeper,616539,8560,Alex Remiro,0.35,1,3629167,2021-10-03 18:30:00,Real Sociedad
147,90,,Keeper,40672,10268,Francisco Casilla,0.20,0,3629173,2021-10-03 14:00:00,Elche
148,90,,Keeper,592412,9910,Matias Dituro,0.81,1,3629173,2021-10-03 14:00:00,Celta Vigo
149,90,,Keeper,245555,10205,Geronimo Rulli,0.45,0,3629172,2021-10-03 18:30:00,Villarreal
150,90,,Keeper,361717,8603,Rui Silva,1.09,2,3629172,2021-10-03 18:30:00,Real Betis
151,90,,Keeper,41466,8558,Diego Lopez,0.55,1,3629170,2021-10-03 16:15:00,Espanyol
152,90,,Keeper,170323,8633,Thibaut Courtois,2.04,2,3629170,2021-10-03 16:15:00,Real Madrid
153,90,,Keeper,241059,9866,Fernando Pacheco,0.78,1,3629174,2021-10-18 19:00:00,Deportivo Alaves
154,90,,Keeper,361717,8603,Rui Silva,0.33,0,3629174,2021-10-18 19:00:00,Real Betis
155,90,,Keeper,777035,7878,Luis Maximiano,0.42,0,3629169,2021-10-03 21:00:00,Granada
156,90,,Keeper,340020,8302,Yassine Bounou,0.08,1,3629169,2021-10-03 21:00:00,Sevilla
157,90,,Keeper,41466,8558,Diego Lopez,0.41,0,3629178,2021-10-18 21:00:00,Espanyol
158,90,,Keeper,486981,8385,Jeremias Ledesma,1.86,2,3629178,2021-10-18 21:00:00,Cadiz
159,90,,Keeper,592412,9910,Matias Dituro,1.25,1,3629176,2021-10-17 16:15:00,Celta Vigo
160,90,,Keeper,340020,8302,Yassine Bounou,0.13,0,3629176,2021-10-17 16:15:00,Sevilla
161,90,,Keeper,254241,8370,Stole Dimitrievski,0.87,1,3629182,2021-10-17 14:00:00,Rayo Vallecano
162,90,,Keeper,40672,10268,Francisco Casilla,1.15,2,3629182,2021-10-17 14:00:00,Elche
163,90,,Keeper,213471,8581, Aitor,0.31,0,3629179,2021-10-16 18:30:00,Levante
164,90,,Keeper,581919,8305,David Soria,0.99,0,3629179,2021-10-16 18:30:00,Getafe
165,90,,Keeper,245555,10205,Geronimo Rulli,0.84,2,3629183,2021-10-17 18:30:00,Villarreal
166,90,,Keeper,616539,8560,Alex Remiro,0.25,0,3629181,2021-10-16 21:00:00,Real Sociedad
167,90,,Keeper,114762,8661,Manolo Reina,0.16,1,3629181,2021-10-16 21:00:00,Mallorca
168,90,,Keeper,184554,8634,Marc-Andre ter Stegen,0.48,1,3629175,2021-10-17 21:00:00,Barcelona
169,90,,Keeper,212512,10267,Jasper Cillessen,3.28,3,3629175,2021-10-17 21:00:00,Valencia
170,90,,Keeper,41466,8558,Diego Lopez,2.48,1,3629199,2021-10-26 21:00:00,Espanyol
171,90,,Keeper,660625,8315,Unai Simon,1.27,1,3629199,2021-10-26 21:00:00,Athletic Club
172,90,,Keeper,96623,10205,Sergio Asenjo,1.36,3,3629203,2021-10-26 21:30:00,Villarreal
173,90,,Keeper,486981,8385,Jeremias Ledesma,1.97,3,3629203,2021-10-26 21:30:00,Cadiz
174,90,,Keeper,683762,8371,Sergio Herrera,0.73,1,3629190,2021-10-22 21:00:00,Osasuna
175,90,,Keeper,40672,10268,Francisco Casilla,1.86,2,3629193,2021-10-23 18:30:00,Elche
176,90,,Keeper,41466,8558,Diego Lopez,1.44,2,3629193,2021-10-23 18:30:00,Espanyol
177,84,,Keeper,241059,9866,Fernando Pacheco,0.17,0,3629194,2021-10-26 19:00:00,Deportivo Alaves
178,90,,Keeper,40672,10268,Francisco Casilla,1.29,1,3629194,2021-10-26 19:00:00,Elche
179,6,,Keeper,530468,9866,Antonio Sivera,0.17,0,3629194,2021-10-26 19:00:00,Deportivo Alaves
180,90,,Keeper,660625,8315,Unai Simon,0.50,1,3629184,2021-10-23 21:00:00,Athletic Club
181,90,,Keeper,245555,10205,Geronimo Rulli,2.77,2,3629184,2021-10-23 21:00:00,Villarreal
182,90,,Keeper,212512,10267,Jasper Cillessen,1.55,2,3629192,2021-10-23 14:00:00,Valencia
183,90,,Keeper,114762,8661,Manolo Reina,1.67,2,3629192,2021-10-23 14:00:00,Mallorca
184,90,,Keeper,486981,8385,Jeremias Ledesma,1.28,2,3629189,2021-10-23 16:15:00,Cadiz
185,90,,Keeper,241059,9866,Fernando Pacheco,0.36,0,3629189,2021-10-23 16:15:00,Deportivo Alaves
186,90,,Keeper,592412,9910,Matias Dituro,2.10,2,3629196,2021-10-28 19:00:00,Celta Vigo
187,90,,Keeper,185644,8560,Mathew Ryan,1.15,0,3629196,2021-10-28 19:00:00,Real Sociedad
188,90,,Keeper,777035,7878,Luis Maximiano,0.65,1,3629198,2021-10-28 20:00:00,Granada
189,90,,Keeper,581919,8305,David Soria,0.10,1,3629198,2021-10-28 20:00:00,Getafe
190,90,,Keeper,37421,8603,Claudio Bravo,1.38,1,3629195,2021-10-27 20:00:00,Real Betis
191,90,,Keeper,212512,10267,Jasper Cillessen,2.85,4,3629195,2021-10-27 20:00:00,Valencia
192,90,,Keeper,213471,8581, Aitor,1.25,2,3629200,2021-10-28 21:30:00,Levante
193,90,,Keeper,177126,9906,Jan Oblak,1.97,2,3629200,2021-10-28 21:30:00,Atletico Madrid
194,90,,Keeper,184554,8634,Marc-Andre ter Stegen,1.96,2,3629186,2021-10-24 16:15:00,Barcelona
195,90,,Keeper,170323,8633,Thibaut Courtois,0.95,1,3629186,2021-10-24 16:15:00,Real Madrid
196,90,,Keeper,254241,8370,Stole Dimitrievski,0.98,0,3629202,2021-10-27 19:00:00,Rayo Vallecano
197,90,,Keeper,184554,8634,Marc-Andre ter Stegen,0.78,1,3629202,2021-10-27 19:00:00,Barcelona
198,90,,Keeper,170323,8633,Thibaut Courtois,0,0,3629201,2021-10-27 21:30:00,Real Madrid
199,90,,Keeper,280818,8302,Marko Dmitrovic,2.27,3,3629191,2021-10-24 14:00:00,Sevilla
200,90,,Keeper,213471,8581, Aitor,1.91,5,3629191,2021-10-24 14:00:00,Levante
201,90,,Keeper,114762,8661,Manolo Reina,2.09,1,3629197,2021-10-27 19:00:00,Mallorca
202,90,,Keeper,340020,8302,Yassine Bounou,1.58,1,3629197,2021-10-27 19:00:00,Sevilla
203,90,,Keeper,37421,8603,Claudio Bravo,1.20,2,3629187,2021-10-24 18:30:00,Real Betis
204,90,,Keeper,254241,8370,Stole Dimitrievski,1.72,3,3629187,2021-10-24 18:30:00,Rayo Vallecano
205,90,,Keeper,581919,8305,David Soria,3.94,3,3629188,2021-10-25 21:00:00,Getafe
206,90,,Keeper,592412,9910,Matias Dituro,0.09,0,3629188,2021-10-25 21:00:00,Celta Vigo
207,90,,Keeper,177126,9906,Jan Oblak,0.84,2,3629185,2021-10-24 21:00:00,Atletico Madrid
208,90,,Keeper,616539,8560,Alex Remiro,2.30,2,3629185,2021-10-24 21:00:00,Real Sociedad
209,90,,Keeper,40672,10268,Francisco Casilla,1.87,2,3629213,2021-10-30 14:00:00,Elche
210,90,,Keeper,170323,8633,Thibaut Courtois,0.91,1,3629213,2021-10-30 14:00:00,Real Madrid
211,90,,Keeper,212512,10267,Jasper Cillessen,0.17,0,3629211,2021-10-30 18:30:00,Valencia
212,90,,Keeper,245555,10205,Geronimo Rulli,1.17,2,3629211,2021-10-30 18:30:00,Villarreal
213,90,,Keeper,340020,8302,Yassine Bounou,0.98,0,3629210,2021-10-30 16:15:00,Sevilla
214,90,,Keeper,184554,8634,Marc-Andre ter Stegen,0.86,1,3629205,2021-10-30 21:00:00,Barcelona
215,90,,Keeper,530468,9866,Antonio Sivera,1.51,1,3629205,2021-10-30 21:00:00,Deportivo Alaves
216,90,,Keeper,177126,9906,Jan Oblak,0.03,0,3629204,2021-10-31 16:15:00,Atletico Madrid
217,90,,Keeper,37421,8603,Claudio Bravo,3.55,3,3629204,2021-10-31 16:15:00,Real Betis
218,90,,Keeper,486981,8385,Jeremias Ledesma,1.55,1,3629207,2021-10-31 14:00:00,Cadiz
219,90,,Keeper,114762,8661,Manolo Reina,1.64,1,3629207,2021-10-31 14:00:00,Mallorca
220,90,,Keeper,254241,8370,Stole Dimitrievski,0.51,0,3629212,2021-11-01 18:30:00,Rayo Vallecano
221,90,,Keeper,592412,9910,Matias Dituro,0.70,0,3629212,2021-11-01 18:30:00,Celta Vigo
222,90,,Keeper,660625,8315,Unai Simon,0.49,1,3629215,2021-11-05 21:00:00,Athletic Club
223,90,,Keeper,486981,8385,Jeremias Ledesma,0.23,0,3629215,2021-11-05 21:00:00,Cadiz
224,90,,Keeper,581919,8305,David Soria,0.60,1,3629206,2021-10-31 18:30:00,Getafe
225,90,,Keeper,41466,8558,Diego Lopez,1.93,2,3629206,2021-10-31 18:30:00,Espanyol
226,90,,Keeper,213471,8581, Aitor,2.23,3,3629208,2021-11-01 21:00:00,Levante
227,90,,Keeper,777035,7878,Luis Maximiano,0.82,0,3629208,2021-11-01 21:00:00,Granada
228,90,,Keeper,616539,8560,Alex Remiro,1.12,1,3629209,2021-10-31 21:00:00,Real Sociedad
229,90,,Keeper,660625,8315,Unai Simon,1.23,1,3629209,2021-10-31 21:00:00,Athletic Club
230,90,,Keeper,245555,10205,Geronimo Rulli,0.29,0,3629223,2021-11-07 14:00:00,Villarreal
231,90,,Keeper,581919,8305,David Soria,1.38,1,3629223,2021-11-07 14:00:00,Getafe
232,90,,Keeper,212512,10267,Jasper Cillessen,2.78,3,3629222,2021-11-07 16:15:00,Valencia
233,90,,Keeper,177126,9906,Jan Oblak,1.39,3,3629222,2021-11-07 16:15:00,Atletico Madrid
234,90,,Keeper,114762,8661,Manolo Reina,0.82,2,3629218,2021-11-07 18:30:00,Mallorca
235,90,,Keeper,303353,10268,Edgar Badia,2.11,2,3629218,2021-11-07 18:30:00,Elche
236,90,,Keeper,592412,9910,Matias Dituro,2.94,3,3629217,2021-11-06 16:15:00,Celta Vigo
237,90,,Keeper,184554,8634,Marc-Andre ter Stegen,1.51,3,3629217,2021-11-06 16:15:00,Barcelona
238,90,,Keeper,41466,8558,Diego Lopez,1.45,0,3629219,2021-11-06 14:00:00,Espanyol
239,90,,Keeper,777035,7878,Luis Maximiano,1.79,2,3629219,2021-11-06 14:00:00,Granada
240,90,,Keeper,683762,8371,Sergio Herrera,1.61,2,3629220,2021-11-07 18:30:00,Osasuna
241,90,,Keeper,241059,9866,Fernando Pacheco,1.18,1,3629214,2021-11-06 18:30:00,Deportivo Alaves
242,90,,Keeper,1041445,8581,Dani Cárdenas,1.48,2,3629214,2021-11-06 18:30:00,Levante
243,90,,Keeper,37421,8603,Claudio Bravo,0.24,2,3629216,2021-11-07 21:00:00,Real Betis
244,90,,Keeper,340020,8302,Yassine Bounou,0.02,0,3629216,2021-11-07 21:00:00,Sevilla
245,90,,Keeper,1041445,8581,Dani Cárdenas,0.09,0,3629229,2021-11-19 21:00:00,Levante
246,90,,Keeper,660625,8315,Unai Simon,0.18,0,3629229,2021-11-19 21:00:00,Athletic Club
247,90,,Keeper,170323,8633,Thibaut Courtois,0.43,1,3629221,2021-11-06 21:00:00,Real Madrid
248,90,,Keeper,254241,8370,Stole Dimitrievski,0.98,2,3629221,2021-11-06 21:00:00,Rayo Vallecano
249,90,,Keeper,592412,9910,Matias Dituro,1.60,1,3629226,2021-11-20 14:00:00,Celta Vigo
250,90,,Keeper,245555,10205,Geronimo Rulli,1.24,1,3629226,2021-11-20 14:00:00,Villarreal
251,90,,Keeper,177126,9906,Jan Oblak,0.39,0,3629224,2021-11-20 18:30:00,Atletico Madrid
252,90,,Keeper,340020,8302,Yassine Bounou,1.30,2,3629231,2021-11-20 16:15:00,Sevilla
253,90,,Keeper,241059,9866,Fernando Pacheco,1.73,2,3629231,2021-11-20 16:15:00,Deportivo Alaves
254,90,,Keeper,184554,8634,Marc-Andre ter Stegen,0.28,0,3629225,2021-11-20 21:00:00,Barcelona
255,90,,Keeper,41466,8558,Diego Lopez,1.37,1,3629225,2021-11-20 21:00:00,Espanyol
256,90,,Keeper,581919,8305,David Soria,0.66,0,3629227,2021-11-21 14:00:00,Getafe
257,90,,Keeper,486981,8385,Jeremias Ledesma,1.67,4,3629227,2021-11-21 14:00:00,Cadiz
258,90,,Keeper,254241,8370,Stole Dimitrievski,1.02,1,3629232,2021-11-22 21:00:00,Rayo Vallecano
259,90,,Keeper,114762,8661,Manolo Reina,2.35,3,3629232,2021-11-22 21:00:00,Mallorca
260,90,,Keeper,777035,7878,Luis Maximiano,3.13,4,3629228,2021-11-21 16:15:00,Granada
261,90,,Keeper,170323,8633,Thibaut Courtois,0.32,1,3629228,2021-11-21 16:15:00,Real Madrid
262,90,,Keeper,616539,8560,Alex Remiro,0.51,0,3629230,2021-11-21 21:00:00,Real Sociedad
263,90,,Keeper,212512,10267,Jasper Cillessen,0.20,0,3629230,2021-11-21 21:00:00,Valencia
264,90,,Keeper,303353,10268,Edgar Badia,2.17,3,3629233,2021-11-21 18:30:00,Elche
265,90,,Keeper,361717,8603,Rui Silva,0.86,0,3629233,2021-11-21 18:30:00,Real Betis
266,90,,Keeper,683762,8371,Sergio Herrera,1.14,1,3629240,2021-11-29 21:00:00,Osasuna
267,90,,Keeper,660625,8315,Unai Simon,1.84,2,3629235,2021-11-26 21:00:00,Athletic Club
268,90,,Keeper,777035,7878,Luis Maximiano,0.92,2,3629235,2021-11-26 21:00:00,Granada
269,90,,Keeper,114762,8661,Manolo Reina,0,0,3629237,2021-11-27 18:30:00,Mallorca
270,90,,Keeper,581919,8305,David Soria,0.08,0,3629237,2021-11-27 18:30:00,Getafe
271,90,,Keeper,212512,10267,Jasper Cillessen,1.90,1,3629242,2021-11-27 16:15:00,Valencia
272,90,,Keeper,254241,8370,Stole Dimitrievski,1.82,1,3629242,2021-11-27 16:15:00,Rayo Vallecano
273,90,,Keeper,245555,10205,Geronimo Rulli,3.46,3,3629243,2021-11-27 21:00:00,Villarreal
274,90,,Keeper,184554,8634,Marc-Andre ter Stegen,0.60,1,3629243,2021-11-27 21:00:00,Barcelona
275,90,,Keeper,777035,7878,Luis Maximiano,0.44,1,3629248,2021-12-03 21:00:00,Granada
276,90,,Keeper,241059,9866,Fernando Pacheco,1.05,2,3629248,2021-12-03 21:00:00,Deportivo Alaves
277,90,,Keeper,361717,8603,Rui Silva,0.71,1,3629236,2021-11-28 14:00:00,Real Betis
278,90,,Keeper,1041445,8581,Dani Cárdenas,2.21,3,3629236,2021-11-28 14:00:00,Levante
279,90,,Keeper,170323,8633,Thibaut Courtois,0.46,0,3629180,2021-12-01 21:00:00,Real Madrid
280,90,,Keeper,660625,8315,Unai Simon,1.76,1,3629180,2021-12-01 21:00:00,Athletic Club
281,90,,Keeper,241059,9866,Fernando Pacheco,2.06,2,3629234,2021-11-27 14:00:00,Deportivo Alaves
282,90,,Keeper,592412,9910,Matias Dituro,0.85,1,3629234,2021-11-27 14:00:00,Celta Vigo
283,90,,Keeper,41466,8558,Diego Lopez,0.78,0,3629239,2021-11-28 16:15:00,Espanyol
284,90,,Keeper,616539,8560,Alex Remiro,0.27,1,3629239,2021-11-28 16:15:00,Real Sociedad
285,90,,Keeper,486981,8385,Jeremias Ledesma,3.00,4,3629238,2021-11-28 18:30:00,Cadiz
286,90,,Keeper,177126,9906,Jan Oblak,0.78,1,3629238,2021-11-28 18:30:00,Atletico Madrid
287,90,,Keeper,170323,8633,Thibaut Courtois,1.39,1,3629241,2021-11-28 21:00:00,Real Madrid
288,90,,Keeper,340020,8302,Yassine Bounou,1.43,2,3629241,2021-11-28 21:00:00,Sevilla
289,90,,Keeper,184554,8634,Marc-Andre ter Stegen,0.78,1,3629245,2021-12-04 16:15:00,Barcelona
290,90,,Keeper,361717,8603,Rui Silva,0.51,0,3629245,2021-12-04 16:15:00,Real Betis
291,90,,Keeper,340020,8302,Yassine Bounou,0.21,0,3629251,2021-12-04 14:00:00,Sevilla
292,90,,Keeper,245555,10205,Geronimo Rulli,0.53,1,3629251,2021-12-04 14:00:00,Villarreal
293,90,,Keeper,616539,8560,Alex Remiro,2.66,2,3629250,2021-12-04 21:00:00,Real Sociedad
294,90,,Keeper,170323,8633,Thibaut Courtois,0,0,3629250,2021-12-04 21:00:00,Real Madrid
295,90,,Keeper,177126,9906,Jan Oblak,1.45,2,3629244,2021-12-04 18:30:00,Atletico Madrid
296,90,,Keeper,114762,8661,Manolo Reina,1.77,1,3629244,2021-12-04 18:30:00,Mallorca
297,90,,Keeper,254241,8370,Stole Dimitrievski,0.41,0,3629252,2021-12-05 14:00:00,Rayo Vallecano
298,90,,Keeper,41466,8558,Diego Lopez,0,1,3629252,2021-12-05 14:00:00,Espanyol
299,90,,Keeper,581919,8305,David Soria,0.41,0,3629247,2021-12-06 21:00:00,Getafe
300,90,,Keeper,660625,8315,Unai Simon,0.87,0,3629247,2021-12-06 21:00:00,Athletic Club
301,90,,Keeper,303353,10268,Edgar Badia,2.42,1,3629253,2021-12-05 16:15:00,Elche
302,90,,Keeper,486981,8385,Jeremias Ledesma,2.09,3,3629253,2021-12-05 16:15:00,Cadiz
303,90,,Keeper,1041445,8581,Dani Cárdenas,0.32,0,3629249,2021-12-05 18:30:00,Levante
304,90,,Keeper,114762,8661,Manolo Reina,1.38,0,3629257,2021-12-10 21:00:00,Mallorca
305,90,,Keeper,592412,9910,Matias Dituro,0.08,0,3629257,2021-12-10 21:00:00,Celta Vigo
306,90,,Keeper,592412,9910,Matias Dituro,1.28,2,3629246,2021-12-05 21:00:00,Celta Vigo
307,90,,Keeper,212512,10267,Jasper Cillessen,1.48,1,3629246,2021-12-05 21:00:00,Valencia
308,90,,Keeper,212512,10267,Jasper Cillessen,1.92,1,3629262,2021-12-11 18:30:00,Valencia
309,90,,Keeper,303353,10268,Edgar Badia,1.75,2,3629262,2021-12-11 18:30:00,Elche
310,90,,Keeper,41466,8558,Diego Lopez,3.21,3,3629259,2021-12-11 14:00:00,Espanyol
311,90,,Keeper,1041445,8581,Dani Cárdenas,2.61,4,3629259,2021-12-11 14:00:00,Levante
312,90,,Keeper,241059,9866,Fernando Pacheco,0.08,1,3629254,2021-12-11 16:15:00,Deportivo Alaves
313,90,,Keeper,581919,8305,David Soria,0.81,1,3629254,2021-12-11 16:15:00,Getafe
314,90,,Keeper,245555,10205,Geronimo Rulli,1.16,0,3629263,2021-12-12 14:00:00,Villarreal
315,90,,Keeper,254241,8370,Stole Dimitrievski,1.62,2,3629263,2021-12-12 14:00:00,Rayo Vallecano
316,90,,Keeper,660625,8315,Unai Simon,0.63,1,3629255,2021-12-11 21:00:00,Athletic Club
317,90,,Keeper,340020,8302,Yassine Bounou,1.54,0,3629255,2021-12-11 21:00:00,Sevilla
318,90,,Keeper,486981,8385,Jeremias Ledesma,0.82,1,3629258,2021-12-13 21:00:00,Cadiz
319,90,,Keeper,777035,7878,Luis Maximiano,1.07,1,3629258,2021-12-13 21:00:00,Granada
320,90,,Keeper,361717,8603,Rui Silva,1.50,0,3629256,2021-12-12 18:30:00,Real Betis
321,90,,Keeper,616539,8560,Alex Remiro,1.50,4,3629256,2021-12-12 18:30:00,Real Sociedad
322,90,,Keeper,683762,8371,Sergio Herrera,1.88,2,3629260,2021-12-12 16:15:00,Osasuna
323,90,,Keeper,170323,8633,Thibaut Courtois,1.83,0,3629261,2021-12-12 21:00:00,Real Madrid
324,90,,Keeper,177126,9906,Jan Oblak,0.61,2,3629261,2021-12-12 21:00:00,Atletico Madrid
325,90,,Keeper,592412,9910,Matias Dituro,0.83,1,3629266,2021-12-17 21:00:00,Celta Vigo
326,90,,Keeper,41466,8558,Diego Lopez,2.12,3,3629266,2021-12-17 21:00:00,Espanyol
327,90,,Keeper,245555,10205,Geronimo Rulli,0.26,2,3629133,2021-12-21 19:00:00,Villarreal
328,90,,Keeper,241059,9866,Fernando Pacheco,4.97,5,3629133,2021-12-21 19:00:00,Deportivo Alaves
329,90,,Keeper,1041445,8581,Dani Cárdenas,2.89,4,3629269,2021-12-20 21:00:00,Levante
330,90,,Keeper,212512,10267,Jasper Cillessen,3.53,3,3629269,2021-12-20 21:00:00,Valencia
331,90,,Keeper,254241,8370,Stole Dimitrievski,1.39,0,3629273,2021-12-18 14:00:00,Rayo Vallecano
332,90,,Keeper,241059,9866,Fernando Pacheco,1.34,2,3629273,2021-12-18 14:00:00,Deportivo Alaves
333,90,,Keeper,340020,8302,Yassine Bounou,1.39,1,3629132,2021-12-21 21:30:00,Sevilla
334,90,,Keeper,184554,8634,Marc-Andre ter Stegen,0.33,1,3629132,2021-12-21 21:30:00,Barcelona
335,90,,Keeper,340020,8302,Yassine Bounou,0.55,1,3629272,2021-12-18 21:00:00,Sevilla
336,90,,Keeper,177126,9906,Jan Oblak,0.98,2,3629272,2021-12-18 21:00:00,Atletico Madrid
337,90,,Keeper,185644,8560,Mathew Ryan,1.73,3,3629271,2021-12-18 16:15:00,Real Sociedad
338,90,,Keeper,245555,10205,Geronimo Rulli,1.16,1,3629271,2021-12-18 16:15:00,Villarreal
339,90,,Keeper,777035,7878,Luis Maximiano,0.62,1,3629177,2021-12-22 19:00:00,Granada
340,90,,Keeper,177126,9906,Jan Oblak,1.63,2,3629177,2021-12-22 19:00:00,Atletico Madrid
341,90,,Keeper,1280020,8315,Julen Agirrezabala,2.11,2,3629294,2021-12-22 21:30:00,Athletic Club
342,90,,Keeper,170323,8633,Thibaut Courtois,0.62,1,3629294,2021-12-22 21:30:00,Real Madrid
343,90,,Keeper,777035,7878,Luis Maximiano,1.17,1,3629268,2021-12-19 14:00:00,Granada
344,90,,Keeper,114762,8661,Manolo Reina,2.38,4,3629268,2021-12-19 14:00:00,Mallorca
345,90,,Keeper,184554,8634,Marc-Andre ter Stegen,0.69,2,3629265,2021-12-18 18:30:00,Barcelona
346,90,,Keeper,303353,10268,Edgar Badia,2.45,3,3629265,2021-12-18 18:30:00,Elche
347,90,,Keeper,1280020,8315,Julen Agirrezabala,2.39,2,3629264,2021-12-19 16:15:00,Athletic Club
348,90,,Keeper,361717,8603,Rui Silva,1.90,3,3629264,2021-12-19 16:15:00,Real Betis
349,90,,Keeper,581919,8305,David Soria,0.55,0,3629267,2021-12-19 18:30:00,Getafe
350,90,,Keeper,170323,8633,Thibaut Courtois,0,0,3629270,2021-12-19 21:00:00,Real Madrid
351,90,,Keeper,486981,8385,Jeremias Ledesma,2.38,0,3629270,2021-12-19 21:00:00,Cadiz
352,90,,Keeper,581919,8305,David Soria,1.14,0,3629278,2022-01-02 14:00:00,Getafe
353,90,,Keeper,170323,8633,Thibaut Courtois,0.63,1,3629278,2022-01-02 14:00:00,Real Madrid
354,90,,Keeper,212512,10267,Jasper Cillessen,1.50,2,3629281,2021-12-31 16:15:00,Valencia
355,90,,Keeper,41466,8558,Diego Lopez,0.06,1,3629281,2021-12-31 16:15:00,Espanyol
356,90,,Keeper,177126,9906,Jan Oblak,0,0,3629275,2022-01-02 16:15:00,Atletico Madrid
357,90,,Keeper,770880,8370,Luca Zidane,0.91,2,3629275,2022-01-02 16:15:00,Rayo Vallecano
358,90,,Keeper,1088754,9866,Jesus Owono,0.75,1,3629274,2022-01-02 18:30:00,Deportivo Alaves
359,90,,Keeper,616539,8560,Alex Remiro,1.37,1,3629274,2022-01-02 18:30:00,Real Sociedad
360,90,,Keeper,361717,8603,Rui Silva,1.49,2,3629276,2022-01-02 18:30:00,Real Betis
361,90,,Keeper,592412,9910,Matias Dituro,0.47,0,3629276,2022-01-02 18:30:00,Celta Vigo
362,90,,Keeper,303353,10268,Edgar Badia,0.73,0,3629283,2022-01-02 16:15:00,Elche
363,90,,Keeper,777035,7878,Luis Maximiano,0.24,0,3629283,2022-01-02 16:15:00,Granada
364,90,,Keeper,114762,8661,Manolo Reina,0.84,1,3629277,2022-01-02 21:00:00,Mallorca
365,90,,Keeper,184554,8634,Marc-Andre ter Stegen,0.52,0,3629277,2022-01-02 21:00:00,Barcelona
366,90,,Keeper,245555,10205,Geronimo Rulli,0.58,0,3629282,2022-01-03 19:00:00,Villarreal
367,90,,Keeper,213471,8581, Aitor,3.64,5,3629282,2022-01-03 19:00:00,Levante
368,90,,Keeper,770880,8370,Luca Zidane,1.65,1,3629292,2022-01-09 14:00:00,Rayo Vallecano
369,90,,Keeper,361717,8603,Rui Silva,1.29,1,3629292,2022-01-09 14:00:00,Real Betis
370,90,,Keeper,241059,9866,Fernando Pacheco,0.60,0,3629284,2022-01-09 18:30:00,Deportivo Alaves
371,90,,Keeper,660625,8315,Unai Simon,0.17,0,3629284,2022-01-09 18:30:00,Athletic Club
372,90,,Keeper,683762,8371,Sergio Herrera,2.70,3,3629280,2022-01-03 21:05:00,Osasuna
373,90,,Keeper,280818,8302,Marko Dmitrovic,0.16,0,3629291,2022-01-09 16:15:00,Sevilla
374,90,,Keeper,581919,8305,David Soria,0.46,1,3629291,2022-01-09 16:15:00,Getafe
375,90,,Keeper,486981,8385,Jeremias Ledesma,0.79,1,3629279,2022-01-03 21:15:00,Cadiz
376,90,,Keeper,340020,8302,Yassine Bounou,0.15,0,3629279,2022-01-03 21:15:00,Sevilla
377,90,,Keeper,683762,8371,Sergio Herrera,0.06,0,3629288,2022-01-09 18:30:00,Osasuna
378,90,,Keeper,486981,8385,Jeremias Ledesma,2.08,2,3629288,2022-01-09 18:30:00,Cadiz
379,90,,Keeper,213471,8581, Aitor,2.23,0,3629287,2022-01-08 14:00:00,Levante
380,90,,Keeper,1187702,8661,Leo Román,2.10,2,3629287,2022-01-08 14:00:00,Mallorca
381,90,,Keeper,616539,8560,Alex Remiro,0,0,3629290,2022-01-08 16:15:00,Real Sociedad
382,90,,Keeper,592412,9910,Matias Dituro,1.01,1,3629290,2022-01-08 16:15:00,Celta Vigo
383,90,,Keeper,1167220,8558,Joan Garcia,0.76,2,3629286,2022-01-10 21:00:00,Espanyol
384,90,,Keeper,303353,10268,Edgar Badia,1.01,1,3629286,2022-01-10 21:00:00,Elche
385,90,,Keeper,777035,7878,Luis Maximiano,0.48,1,3629285,2022-01-08 18:30:00,Granada
386,90,,Keeper,184554,8634,Marc-Andre ter Stegen,1.24,1,3629285,2022-01-08 18:30:00,Barcelona
387,90,,Keeper,170323,8633,Thibaut Courtois,2.27,1,3629289,2022-01-08 21:00:00,Real Madrid
388,90,,Keeper,212512,10267,Jasper Cillessen,4.12,4,3629289,2022-01-08 21:00:00,Valencia
389,90,,Keeper,245555,10205,Geronimo Rulli,0.36,2,3629293,2022-01-09 21:00:00,Villarreal
390,90,,Keeper,177126,9906,Jan Oblak,1.98,2,3629293,2022-01-09 21:00:00,Atletico Madrid
391,90,,Keeper,303353,10268,Edgar Badia,0.67,0,3629303,2022-01-16 14:00:00,Elche
392,90,,Keeper,245555,10205,Geronimo Rulli,0.11,1,3629303,2022-01-16 14:00:00,Villarreal
393,90,,Keeper,581919,8305,David Soria,0.83,2,3629300,2022-01-20 19:00:00,Getafe
394,90,,Keeper,777035,7878,Luis Maximiano,1.79,4,3629300,2022-01-20 19:00:00,Granada
395,90,,Keeper,592412,9910,Matias Dituro,0,0,3629298,2022-01-19 19:00:00,Celta Vigo
396,90,,Keeper,683762,8371,Sergio Herrera,1.41,2,3629298,2022-01-19 19:00:00,Osasuna
397,18,,Keeper,212512,10267,Jasper Cillessen,0.17,1,3629302,2022-01-19 21:30:00,Valencia
398,90,,Keeper,942424,8302,Javier Diaz,0.55,1,3629302,2022-01-19 21:30:00,Sevilla
399,72,,Keeper,489240,10267, Jaume,0.17,0,3629302,2022-01-19 21:30:00,Valencia
400,90,,Keeper,37421,8603,Claudio Bravo,0.21,0,3629297,2022-01-18 20:00:00,Real Betis
401,90,,Keeper,241059,9866,Fernando Pacheco,2.10,4,3629297,2022-01-18 20:00:00,Deportivo Alaves
402,90,,Keeper,41466,8558,Diego Lopez,3.54,4,3629307,2022-01-21 21:00:00,Espanyol
403,90,,Keeper,37421,8603,Claudio Bravo,1.10,1,3629307,2022-01-21 21:00:00,Real Betis
404,90,,Keeper,486981,8385,Jeremias Ledesma,2.09,2,3629301,2022-01-18 21:30:00,Cadiz
405,90,,Keeper,41466,8558,Diego Lopez,1.75,2,3629301,2022-01-18 21:30:00,Espanyol
406,90,,Keeper,213471,8581, Aitor,1.47,2,3629308,2022-01-22 14:00:00,Levante
407,90,,Keeper,486981,8385,Jeremias Ledesma,0.85,0,3629308,2022-01-22 14:00:00,Cadiz
408,90,,Keeper,280818,8302,Marko Dmitrovic,0.66,2,3629311,2022-01-22 18:30:00,Sevilla
409,90,,Keeper,592412,9910,Matias Dituro,0.89,2,3629311,2022-01-22 18:30:00,Celta Vigo
410,90,,Keeper,245555,10205,Geronimo Rulli,0.73,0,3629313,2022-01-22 16:15:00,Villarreal
411,90,,Keeper,1187702,8661,Leo Román,1.55,3,3629313,2022-01-22 16:15:00,Mallorca
412,90,,Keeper,777035,7878,Luis Maximiano,2.08,2,3629306,2022-01-23 14:00:00,Granada
413,90,,Keeper,683762,8371,Sergio Herrera,0.26,0,3629306,2022-01-23 14:00:00,Osasuna
414,90,,Keeper,177126,9906,Jan Oblak,1.41,2,3629305,2022-01-22 21:00:00,Atletico Madrid
415,90,,Keeper,489240,10267, Jaume,2.84,3,3629305,2022-01-22 21:00:00,Valencia
416,90,,Keeper,170323,8633,Thibaut Courtois,1.34,2,3629309,2022-01-23 16:15:00,Real Madrid
417,90,,Keeper,303353,10268,Edgar Badia,3.66,2,3629309,2022-01-23 16:15:00,Elche
418,90,,Keeper,241059,9866,Fernando Pacheco,1.49,1,3629304,2022-01-23 21:00:00,Deportivo Alaves
419,90,,Keeper,184554,8634,Marc-Andre ter Stegen,0.26,0,3629304,2022-01-23 21:00:00,Barcelona
420,90,,Keeper,770880,8370,Luca Zidane,0.50,1,3629312,2022-01-23 18:30:00,Rayo Vallecano
421,90,,Keeper,660625,8315,Unai Simon,0.36,0,3629312,2022-01-23 18:30:00,Athletic Club
422,90,,Keeper,616539,8560,Alex Remiro,0.32,0,3629310,2022-01-23 18:30:00,Real Sociedad
423,90,,Keeper,581919,8305,David Soria,0.92,0,3629310,2022-01-23 18:30:00,Getafe
424,90,,Keeper,303353,10268,Edgar Badia,0.85,1,3629323,2022-02-05 14:00:00,Elche
425,90,,Keeper,241059,9866,Fernando Pacheco,1.35,3,3629323,2022-02-05 14:00:00,Deportivo Alaves
426,90,,Keeper,300532,8661,Sergio Rico,1.93,1,3629318,2022-02-05 16:15:00,Mallorca
427,90,,Keeper,486981,8385,Jeremias Ledesma,2.56,2,3629318,2022-02-05 16:15:00,Cadiz
428,85,,Keeper,581919,8305,David Soria,0.17,0,3629319,2022-02-04 21:00:00,Getafe
429,90,,Keeper,213471,8581, Aitor,1.69,3,3629319,2022-02-04 21:00:00,Levante
430,5,,Keeper,1022354,8305,Diego Conde,0.17,0,3629319,2022-02-04 21:00:00,Getafe
431,90,,Keeper,592412,9910,Matias Dituro,0,0,3629317,2022-02-05 18:30:00,Celta Vigo
432,90,,Keeper,254241,8370,Stole Dimitrievski,0.67,2,3629317,2022-02-05 18:30:00,Rayo Vallecano
433,90,,Keeper,660625,8315,Unai Simon,0.97,1,3629314,2022-02-07 21:00:00,Athletic Club
434,90,,Keeper,41466,8558,Diego Lopez,1.77,2,3629314,2022-02-07 21:00:00,Espanyol
435,90,,Keeper,683762,8371,Sergio Herrera,1.35,0,3629320,2022-02-05 21:00:00,Osasuna
436,90,,Keeper,340020,8302,Yassine Bounou,0.32,0,3629320,2022-02-05 21:00:00,Sevilla
437,90,,Keeper,340020,8302,Yassine Bounou,0.09,0,3629331,2022-02-11 21:00:00,Sevilla
438,90,,Keeper,303353,10268,Edgar Badia,0.92,2,3629331,2022-02-11 21:00:00,Elche
439,90,,Keeper,184554,8634,Marc-Andre ter Stegen,1.40,2,3629315,2022-02-06 16:15:00,Barcelona
440,90,,Keeper,177126,9906,Jan Oblak,1.25,4,3629315,2022-02-06 16:15:00,Atletico Madrid
441,90,,Keeper,948800,10267,Giorgi Mamardashvili,0.11,0,3629322,2022-02-06 14:00:00,Valencia
442,90,,Keeper,616539,8560,Alex Remiro,0.50,0,3629322,2022-02-06 14:00:00,Real Sociedad
443,90,,Keeper,170323,8633,Thibaut Courtois,0.24,0,3629321,2022-02-06 21:00:00,Real Madrid
444,90,,Keeper,777035,7878,Luis Maximiano,2.46,1,3629321,2022-02-06 21:00:00,Granada
445,90,,Keeper,361717,8603,Rui Silva,1.30,2,3629316,2022-02-06 18:30:00,Real Betis
446,90,,Keeper,245555,10205,Geronimo Rulli,0.72,0,3629316,2022-02-06 18:30:00,Villarreal
447,90,,Keeper,241059,9866,Fernando Pacheco,1.40,1,3629324,2022-02-13 14:00:00,Deportivo Alaves
448,90,,Keeper,948800,10267,Giorgi Mamardashvili,2.10,2,3629324,2022-02-13 14:00:00,Valencia
449,90,,Keeper,1041445,8581,Dani Cárdenas,2.65,4,3629329,2022-02-13 16:15:00,Levante
450,90,,Keeper,361717,8603,Rui Silva,1.90,2,3629329,2022-02-13 16:15:00,Real Betis
451,90,,Keeper,616539,8560,Alex Remiro,0.85,0,3629330,2022-02-13 18:30:00,Real Sociedad
452,90,,Keeper,777035,7878,Luis Maximiano,3.55,2,3629330,2022-02-13 18:30:00,Granada
453,90,,Keeper,41466,8558,Diego Lopez,1.32,2,3629328,2022-02-13 21:00:00,Espanyol
454,90,,Keeper,184554,8634,Marc-Andre ter Stegen,1.77,2,3629328,2022-02-13 21:00:00,Barcelona
455,90,,Keeper,177126,9906,Jan Oblak,0.61,1,3629295,2022-02-16 19:00:00,Atletico Madrid
456,90,,Keeper,1041445,8581,Dani Cárdenas,0.76,0,3629295,2022-02-16 19:00:00,Levante
457,90,,Keeper,245555,10205,Geronimo Rulli,0.86,0,3629333,2022-02-12 16:15:00,Villarreal
458,90,,Keeper,170323,8633,Thibaut Courtois,0.12,0,3629333,2022-02-12 16:15:00,Real Madrid
459,90,,Keeper,303353,10268,Edgar Badia,0.49,1,3629343,2022-02-18 21:00:00,Elche
460,90,,Keeper,770880,8370,Luca Zidane,2.77,2,3629343,2022-02-18 21:00:00,Rayo Vallecano
461,90,,Keeper,177126,9906,Jan Oblak,3.09,3,3629325,2022-02-12 21:00:00,Atletico Madrid
462,90,,Keeper,581919,8305,David Soria,4.68,4,3629325,2022-02-12 21:00:00,Getafe
463,90,,Keeper,254241,8370,Stole Dimitrievski,2.60,3,3629332,2022-02-12 18:30:00,Rayo Vallecano
464,90,,Keeper,683762,8371,Sergio Herrera,0.25,0,3629332,2022-02-12 18:30:00,Osasuna
465,90,,Keeper,486981,8385,Jeremias Ledesma,0.99,0,3629327,2022-02-12 14:00:00,Cadiz
466,90,,Keeper,592412,9910,Matias Dituro,0.64,0,3629327,2022-02-12 14:00:00,Celta Vigo
467,90,,Keeper,683762,8371,Sergio Herrera,0.84,3,3629340,2022-02-19 16:15:00,Osasuna
468,90,,Keeper,177126,9906,Jan Oblak,0.80,0,3629340,2022-02-19 16:15:00,Atletico Madrid
469,90,,Keeper,777035,7878,Luis Maximiano,3.87,4,3629338,2022-02-19 14:00:00,Granada
470,90,,Keeper,96623,10205,Sergio Asenjo,1.32,1,3629338,2022-02-19 14:00:00,Villarreal
471,90,,Keeper,170323,8633,Thibaut Courtois,0.14,0,3629341,2022-02-19 21:00:00,Real Madrid
472,90,,Keeper,241059,9866,Fernando Pacheco,2.39,3,3629341,2022-02-19 21:00:00,Deportivo Alaves
473,90,,Keeper,948800,10267,Giorgi Mamardashvili,3.63,4,3629342,2022-02-20 16:15:00,Valencia
474,90,,Keeper,184554,8634,Marc-Andre ter Stegen,0.87,1,3629342,2022-02-20 16:15:00,Barcelona
475,90,,Keeper,592412,9910,Matias Dituro,0.42,1,3629336,2022-02-21 21:00:00,Celta Vigo
476,90,,Keeper,1041445,8581,Dani Cárdenas,1.73,1,3629336,2022-02-21 21:00:00,Levante
477,90,,Keeper,486981,8385,Jeremias Ledesma,0.99,1,3629337,2022-02-19 18:30:00,Cadiz
478,90,,Keeper,581919,8305,David Soria,0.61,1,3629337,2022-02-19 18:30:00,Getafe
479,90,,Keeper,41466,8558,Diego Lopez,0.65,1,3629339,2022-02-20 14:00:00,Espanyol
480,90,,Keeper,340020,8302,Yassine Bounou,0.99,1,3629339,2022-02-20 14:00:00,Sevilla
481,90,,Keeper,361717,8603,Rui Silva,0.44,1,3629335,2022-02-20 18:30:00,Real Betis
482,90,,Keeper,300532,8661,Sergio Rico,2.03,2,3629335,2022-02-20 18:30:00,Mallorca
483,90,,Keeper,660625,8315,Unai Simon,0.30,0,3629334,2022-02-20 21:00:00,Athletic Club
484,90,,Keeper,616539,8560,Alex Remiro,3.05,4,3629334,2022-02-20 21:00:00,Real Sociedad
485,90,,Keeper,777035,7878,Luis Maximiano,0.50,0,3629348,2022-02-28 21:00:00,Granada
486,90,,Keeper,486981,8385,Jeremias Ledesma,0.19,0,3629348,2022-02-28 21:00:00,Cadiz
487,90,,Keeper,300532,8661,Sergio Rico,1.32,2,3629326,2022-02-14 21:00:00,Mallorca
488,90,,Keeper,660625,8315,Unai Simon,2.68,3,3629326,2022-02-14 21:00:00,Athletic Club
489,90,,Keeper,770880,8370,Luca Zidane,1.67,1,3629352,2022-02-26 18:30:00,Rayo Vallecano
490,90,,Keeper,170323,8633,Thibaut Courtois,0.67,0,3629352,2022-02-26 18:30:00,Real Madrid
491,90,,Keeper,300532,8661,Sergio Rico,1.42,2,3629299,2022-03-02 21:00:00,Mallorca
492,90,,Keeper,616539,8560,Alex Remiro,0.09,0,3629299,2022-03-02 21:00:00,Real Sociedad
493,90,,Keeper,1041445,8581,Dani Cárdenas,1.05,0,3629349,2022-02-25 21:00:00,Levante
494,90,,Keeper,303353,10268,Edgar Badia,2.09,3,3629349,2022-02-25 21:00:00,Elche
495,90,,Keeper,300532,8661,Sergio Rico,0.88,1,3629346,2022-02-26 14:00:00,Mallorca
496,90,,Keeper,948800,10267,Giorgi Mamardashvili,0.19,0,3629346,2022-02-26 14:00:00,Valencia
497,90,,Keeper,177126,9906,Jan Oblak,0.15,0,3629344,2022-02-26 21:00:00,Atletico Madrid
498,90,,Keeper,592412,9910,Matias Dituro,1.37,2,3629344,2022-02-26 21:00:00,Celta Vigo
499,90,,Keeper,581919,8305,David Soria,1.41,2,3629347,2022-02-26 16:15:00,Getafe
500,90,,Keeper,241059,9866,Fernando Pacheco,1.04,2,3629347,2022-02-26 16:15:00,Deportivo Alaves
501,90,,Keeper,241059,9866,Fernando Pacheco,0.87,0,3629354,2022-03-04 21:00:00,Deportivo Alaves
502,90,,Keeper,340020,8302,Yassine Bounou,0.79,0,3629354,2022-03-04 21:00:00,Sevilla
503,90,,Keeper,340020,8302,Yassine Bounou,0.49,1,3629351,2022-02-27 16:15:00,Sevilla
504,90,,Keeper,37421,8603,Claudio Bravo,1.63,2,3629351,2022-02-27 16:15:00,Real Betis
505,90,,Keeper,616539,8560,Alex Remiro,0.13,0,3629350,2022-02-27 18:30:00,Real Sociedad
506,90,,Keeper,683762,8371,Sergio Herrera,1.40,1,3629350,2022-02-27 18:30:00,Osasuna
507,90,,Keeper,245555,10205,Geronimo Rulli,0.47,1,3629353,2022-02-27 14:00:00,Villarreal
508,90,,Keeper,41466,8558,Diego Lopez,6.09,5,3629353,2022-02-27 14:00:00,Espanyol
509,90,,Keeper,683762,8371,Sergio Herrera,0.09,0,3629360,2022-03-05 14:00:00,Osasuna
510,90,,Keeper,245555,10205,Geronimo Rulli,0.60,1,3629360,2022-03-05 14:00:00,Villarreal
511,90,,Keeper,184554,8634,Marc-Andre ter Stegen,0.22,0,3629345,2022-02-27 21:00:00,Barcelona
512,90,,Keeper,660625,8315,Unai Simon,2.62,4,3629345,2022-02-27 21:00:00,Athletic Club
513,90,,Keeper,41466,8558,Diego Lopez,0.41,0,3629359,2022-03-05 16:15:00,Espanyol
514,90,,Keeper,581919,8305,David Soria,0.12,2,3629359,2022-03-05 16:15:00,Getafe
515,90,,Keeper,660625,8315,Unai Simon,0.40,1,3629355,2022-03-07 21:00:00,Athletic Club
516,90,,Keeper,1041445,8581,Dani Cárdenas,3.84,3,3629355,2022-03-07 21:00:00,Levante
517,90,,Keeper,489240,10267, Jaume,0,1,3629362,2022-03-05 18:30:00,Valencia
518,90,,Keeper,777035,7878,Luis Maximiano,1.31,3,3629362,2022-03-05 18:30:00,Granada
519,90,,Keeper,486981,8385,Jeremias Ledesma,1.08,0,3629358,2022-03-06 14:00:00,Cadiz
520,90,,Keeper,770880,8370,Luca Zidane,1.52,2,3629358,2022-03-06 14:00:00,Rayo Vallecano
521,90,,Keeper,37421,8603,Claudio Bravo,3.03,3,3629356,2022-03-06 21:00:00,Real Betis
522,90,,Keeper,177126,9906,Jan Oblak,0.62,1,3629356,2022-03-06 21:00:00,Atletico Madrid
523,90,,Keeper,592412,9910,Matias Dituro,1.33,3,3629357,2022-03-06 18:30:00,Celta Vigo
524,90,,Keeper,300532,8661,Sergio Rico,1.93,4,3629357,2022-03-06 18:30:00,Mallorca
525,90,,Keeper,177126,9906,Jan Oblak,1.27,1,3629364,2022-03-11 21:00:00,Atletico Madrid
526,90,,Keeper,486981,8385,Jeremias Ledesma,1.82,2,3629364,2022-03-11 21:00:00,Cadiz
527,90,,Keeper,254241,8370,Stole Dimitrievski,0.96,1,3629372,2022-03-13 14:00:00,Rayo Vallecano
528,90,,Keeper,340020,8302,Yassine Bounou,0.37,1,3629372,2022-03-13 14:00:00,Sevilla
529,90,,Keeper,303353,10268,Edgar Badia,3.15,2,3629363,2022-03-06 16:15:00,Elche
530,90,,Keeper,184554,8634,Marc-Andre ter Stegen,1.15,1,3629363,2022-03-06 16:15:00,Barcelona
531,90,,Keeper,170323,8633,Thibaut Courtois,0.99,1,3629361,2022-03-05 21:00:00,Real Madrid
532,90,,Keeper,616539,8560,Alex Remiro,3.49,4,3629361,2022-03-05 21:00:00,Real Sociedad
533,90,,Keeper,361717,8603,Rui Silva,0.23,0,3629366,2022-03-13 16:15:00,Real Betis
534,90,,Keeper,660625,8315,Unai Simon,2.13,1,3629366,2022-03-13 16:15:00,Athletic Club
535,90,,Keeper,184554,8634,Marc-Andre ter Stegen,0.18,0,3629365,2022-03-13 21:00:00,Barcelona
536,90,,Keeper,683762,8371,Sergio Herrera,4.03,4,3629365,2022-03-13 21:00:00,Osasuna
537,90,,Keeper,660625,8315,Unai Simon,0.70,1,3629375,2022-03-18 21:00:00,Athletic Club
538,90,,Keeper,581919,8305,David Soria,2.56,1,3629375,2022-03-18 21:00:00,Getafe
539,90,,Keeper,616539,8560,Alex Remiro,0.42,0,3629371,2022-03-13 18:30:00,Real Sociedad
540,90,,Keeper,241059,9866,Fernando Pacheco,1.79,1,3629371,2022-03-13 18:30:00,Deportivo Alaves
541,90,,Keeper,245555,10205,Geronimo Rulli,0.20,0,3629373,2022-03-12 18:30:00,Villarreal
542,90,,Keeper,592412,9910,Matias Dituro,0.39,1,3629373,2022-03-12 18:30:00,Celta Vigo
543,90,,Keeper,1041445,8581,Dani Cárdenas,0.77,1,3629370,2022-03-12 14:00:00,Levante
544,73,,Keeper,41466,8558,Diego Lopez,0.60,0,3629370,2022-03-12 14:00:00,Espanyol
545,17,,Keeper,1167220,8558,Joan Garcia,0.60,1,3629370,2022-03-12 14:00:00,Espanyol
546,90,,Keeper,300532,8661,Sergio Rico,2.83,3,3629367,2022-03-14 21:00:00,Mallorca
547,90,,Keeper,170323,8633,Thibaut Courtois,1.09,0,3629367,2022-03-14 21:00:00,Real Madrid
548,90,,Keeper,581919,8305,David Soria,0,0,3629368,2022-03-12 21:00:00,Getafe
549,90,,Keeper,948800,10267,Giorgi Mamardashvili,0.98,0,3629368,2022-03-12 21:00:00,Valencia
550,90,,Keeper,486981,8385,Jeremias Ledesma,0.04,0,3629377,2022-03-20 16:15:00,Cadiz
551,90,,Keeper,96623,10205,Sergio Asenjo,1.52,1,3629377,2022-03-20 16:15:00,Villarreal
552,90,,Keeper,777035,7878,Luis Maximiano,0.97,1,3629369,2022-03-12 16:15:00,Granada
553,90,,Keeper,303353,10268,Edgar Badia,1.24,0,3629369,2022-03-12 16:15:00,Elche
554,90,,Keeper,592412,9910,Matias Dituro,0.04,0,3629376,2022-03-20 16:15:00,Celta Vigo
555,90,,Keeper,37421,8603,Claudio Bravo,0.53,0,3629376,2022-03-20 16:15:00,Real Betis
556,90,,Keeper,170323,8633,Thibaut Courtois,3.24,4,3629380,2022-03-20 21:00:00,Real Madrid
557,90,,Keeper,184554,8634,Marc-Andre ter Stegen,0.50,0,3629380,2022-03-20 21:00:00,Barcelona
558,90,,Keeper,241059,9866,Fernando Pacheco,1.22,3,3629374,2022-03-19 14:00:00,Deportivo Alaves
559,90,,Keeper,777035,7878,Luis Maximiano,2.20,2,3629374,2022-03-19 14:00:00,Granada
560,45,,Keeper,41466,8558,Diego Lopez,0.52,0,3629378,2022-03-20 14:00:00,Espanyol
561,90,,Keeper,300532,8661,Sergio Rico,1.39,1,3629378,2022-03-20 14:00:00,Mallorca
562,45,,Keeper,101590,8558,Oier Olazábal,0.52,0,3629378,2022-03-20 14:00:00,Espanyol
563,90,,Keeper,303353,10268,Edgar Badia,0.75,1,3629383,2022-03-19 16:15:00,Elche
564,90,,Keeper,948800,10267,Giorgi Mamardashvili,0.09,0,3629383,2022-03-19 16:15:00,Valencia
565,90,,Keeper,254241,8370,Stole Dimitrievski,1.11,1,3629382,2022-03-19 21:00:00,Rayo Vallecano
566,90,,Keeper,177126,9906,Jan Oblak,0.32,0,3629382,2022-03-19 21:00:00,Atletico Madrid
567,90,,Keeper,280818,8302,Marko Dmitrovic,0.33,0,3629381,2022-03-20 18:30:00,Sevilla
568,90,,Keeper,616539,8560,Alex Remiro,0,0,3629381,2022-03-20 18:30:00,Real Sociedad
569,90,,Keeper,581919,8305,David Soria,0.07,0,3629389,2022-04-02 14:00:00,Getafe
570,90,,Keeper,300532,8661,Sergio Rico,1.73,1,3629389,2022-04-02 14:00:00,Mallorca
571,90,,Keeper,1041445,8581,Dani Cárdenas,0.10,0,3629391,2022-04-02 16:15:00,Levante
572,90,,Keeper,245555,10205,Geronimo Rulli,1.39,2,3629391,2022-04-02 16:15:00,Villarreal
573,90,,Keeper,683762,8371,Sergio Herrera,1.66,1,3629379,2022-03-19 18:30:00,Osasuna
574,90,,Keeper,1041445,8581,Dani Cárdenas,3.07,3,3629379,2022-03-19 18:30:00,Levante
575,90,,Keeper,592412,9910,Matias Dituro,3.44,2,3629388,2022-04-02 18:30:00,Celta Vigo
576,90,,Keeper,170323,8633,Thibaut Courtois,2.29,1,3629388,2022-04-02 18:30:00,Real Madrid
577,90,,Keeper,616539,8560,Alex Remiro,0.29,0,3629392,2022-04-04 21:00:00,Real Sociedad
578,90,,Keeper,101590,8558,Oier Olazábal,1.88,1,3629392,2022-04-04 21:00:00,Espanyol
579,90,,Keeper,177126,9906,Jan Oblak,0.47,1,3629385,2022-04-02 21:00:00,Atletico Madrid
580,90,,Keeper,241059,9866,Fernando Pacheco,4.78,4,3629385,2022-04-02 21:00:00,Deportivo Alaves
581,90,,Keeper,37421,8603,Claudio Bravo,0.39,1,3629387,2022-04-03 16:15:00,Real Betis
582,90,,Keeper,683762,8371,Sergio Herrera,3.20,4,3629387,2022-04-03 16:15:00,Osasuna
583,90,,Keeper,660625,8315,Unai Simon,0.64,1,3629384,2022-04-03 14:00:00,Athletic Club
584,90,,Keeper,303353,10268,Edgar Badia,1.97,2,3629384,2022-04-03 14:00:00,Elche
585,90,,Keeper,184554,8634,Marc-Andre ter Stegen,0.30,0,3629386,2022-04-03 21:00:00,Barcelona
586,90,,Keeper,340020,8302,Yassine Bounou,1.63,1,3629386,2022-04-03 21:00:00,Sevilla
587,90,,Keeper,777035,7878,Luis Maximiano,1.85,2,3629390,2022-04-03 18:30:00,Granada
588,90,,Keeper,254241,8370,Stole Dimitrievski,2.21,2,3629390,2022-04-03 18:30:00,Rayo Vallecano
589,90,,Keeper,948800,10267,Giorgi Mamardashvili,0.28,0,3629393,2022-04-03 18:30:00,Valencia
590,90,,Keeper,486981,8385,Jeremias Ledesma,0.01,0,3629393,2022-04-03 18:30:00,Cadiz
591,90,,Keeper,340020,8302,Yassine Bounou,1.09,2,3629400,2022-04-08 21:00:00,Sevilla
592,90,,Keeper,777035,7878,Luis Maximiano,3.82,4,3629400,2022-04-08 21:00:00,Granada
593,90,,Keeper,616539,8560,Alex Remiro,0.20,0,3629410,2022-04-15 21:00:00,Real Sociedad
594,90,,Keeper,37421,8603,Claudio Bravo,0.60,0,3629410,2022-04-15 21:00:00,Real Betis
595,90,,Keeper,254241,8370,Stole Dimitrievski,0.77,1,3629401,2022-04-11 21:00:00,Rayo Vallecano
596,90,,Keeper,948800,10267,Giorgi Mamardashvili,1.53,1,3629401,2022-04-11 21:00:00,Valencia
597,90,,Keeper,486981,8385,Jeremias Ledesma,1.31,2,3629395,2022-04-09 14:00:00,Cadiz
598,90,,Keeper,37421,8603,Claudio Bravo,1.43,1,3629395,2022-04-09 14:00:00,Real Betis
599,90,,Keeper,96623,10205,Sergio Asenjo,1.71,1,3629402,2022-04-09 18:30:00,Villarreal
600,90,,Keeper,660625,8315,Unai Simon,1.26,1,3629402,2022-04-09 18:30:00,Athletic Club
601,90,,Keeper,300532,8661,Sergio Rico,0.05,0,3629394,2022-04-09 16:15:00,Mallorca
602,90,,Keeper,177126,9906,Jan Oblak,1.36,1,3629394,2022-04-09 16:15:00,Atletico Madrid
603,90,,Keeper,683762,8371,Sergio Herrera,0.06,0,3629398,2022-04-10 14:00:00,Osasuna
604,90,,Keeper,241059,9866,Fernando Pacheco,2.46,1,3629398,2022-04-10 14:00:00,Deportivo Alaves
605,90,,Keeper,170323,8633,Thibaut Courtois,0,0,3629399,2022-04-09 21:00:00,Real Madrid
606,90,,Keeper,581919,8305,David Soria,1.71,2,3629399,2022-04-09 21:00:00,Getafe
607,90,,Keeper,41466,8558,Diego Lopez,0.63,0,3629396,2022-04-10 16:15:00,Espanyol
608,90,,Keeper,592412,9910,Matias Dituro,0.59,1,3629396,2022-04-10 16:15:00,Celta Vigo
609,90,,Keeper,303353,10268,Edgar Badia,1.23,2,3629403,2022-04-10 18:30:00,Elche
610,90,,Keeper,616539,8560,Alex Remiro,0.89,1,3629403,2022-04-10 18:30:00,Real Sociedad
611,90,,Keeper,303353,10268,Edgar Badia,0.31,0,3629413,2022-04-16 14:00:00,Elche
612,90,,Keeper,300532,8661,Sergio Rico,0.30,3,3629413,2022-04-16 14:00:00,Mallorca
613,90,,Keeper,948800,10267,Giorgi Mamardashvili,1.62,2,3629412,2022-04-16 18:30:00,Valencia
614,90,,Keeper,683762,8371,Sergio Herrera,1.31,1,3629412,2022-04-16 18:30:00,Osasuna
615,90,,Keeper,1041445,8581,Dani Cárdenas,1.94,3,3629397,2022-04-10 21:00:00,Levante
616,90,,Keeper,184554,8634,Marc-Andre ter Stegen,3.65,2,3629397,2022-04-10 21:00:00,Barcelona
617,90,,Keeper,241059,9866,Fernando Pacheco,0.83,0,3629404,2022-04-16 16:15:00,Deportivo Alaves
618,90,,Keeper,254241,8370,Stole Dimitrievski,0.66,1,3629404,2022-04-16 16:15:00,Rayo Vallecano
619,90,,Keeper,581919,8305,David Soria,2.28,2,3629408,2022-04-16 21:00:00,Getafe
620,90,,Keeper,245555,10205,Geronimo Rulli,1.09,1,3629408,2022-04-16 21:00:00,Villarreal
621,90,,Keeper,300532,8661,Sergio Rico,0.71,1,3629417,2022-04-19 19:00:00,Mallorca
622,90,,Keeper,241059,9866,Fernando Pacheco,1.59,2,3629417,2022-04-19 19:00:00,Deportivo Alaves
623,90,,Keeper,361717,8603,Rui Silva,0.96,1,3629415,2022-04-19 21:00:00,Real Betis
624,90,,Keeper,303353,10268,Edgar Badia,0.64,0,3629415,2022-04-19 21:00:00,Elche
625,90,,Keeper,592412,9910,Matias Dituro,1.91,2,3629416,2022-04-20 20:00:00,Celta Vigo
626,90,,Keeper,581919,8305,David Soria,0.06,0,3629416,2022-04-20 20:00:00,Getafe
627,90,,Keeper,177126,9906,Jan Oblak,0.08,0,3629414,2022-04-20 19:00:00,Atletico Madrid
628,90,,Keeper,777035,7878,Luis Maximiano,0.23,0,3629414,2022-04-20 19:00:00,Granada
629,90,,Keeper,245555,10205,Geronimo Rulli,0.04,0,3629423,2022-04-19 21:30:00,Villarreal
630,90,,Keeper,212512,10267,Jasper Cillessen,2.73,2,3629423,2022-04-19 21:30:00,Valencia
631,90,,Keeper,41466,8558,Diego Lopez,0.58,1,3629419,2022-04-21 19:00:00,Espanyol
632,90,,Keeper,254241,8370,Stole Dimitrievski,0.20,0,3629419,2022-04-21 19:00:00,Rayo Vallecano
633,90,,Keeper,683762,8371,Sergio Herrera,6.27,3,3629421,2022-04-20 21:30:00,Osasuna
634,90,,Keeper,170323,8633,Thibaut Courtois,1.89,1,3629421,2022-04-20 21:30:00,Real Madrid
635,90,,Keeper,486981,8385,Jeremias Ledesma,2.56,3,3629418,2022-04-21 20:00:00,Cadiz
636,90,,Keeper,660625,8315,Unai Simon,2.36,2,3629418,2022-04-21 20:00:00,Athletic Club
637,90,,Keeper,616539,8560,Alex Remiro,0.98,1,3629422,2022-04-21 21:30:00,Real Sociedad
638,90,,Keeper,184554,8634,Marc-Andre ter Stegen,0.84,0,3629422,2022-04-21 21:30:00,Barcelona
639,90,,Keeper,1041445,8581,Dani Cárdenas,2.22,3,3629420,2022-04-21 19:00:00,Levante
640,90,,Keeper,340020,8302,Yassine Bounou,2.42,2,3629420,2022-04-21 19:00:00,Sevilla
641,90,,Keeper,177126,9906,Jan Oblak,0.80,1,3629406,2022-04-17 16:15:00,Atletico Madrid
642,90,,Keeper,41466,8558,Diego Lopez,2.18,2,3629406,2022-04-17 16:15:00,Espanyol
643,90,,Keeper,777035,7878,Luis Maximiano,4.25,4,3629409,2022-04-17 14:00:00,Granada
644,90,,Keeper,1041445,8581,Dani Cárdenas,1.28,1,3629409,2022-04-17 14:00:00,Levante
645,90,,Keeper,340020,8302,Yassine Bounou,1.88,3,3629411,2022-04-17 21:00:00,Sevilla
646,90,,Keeper,170323,8633,Thibaut Courtois,0.85,2,3629411,2022-04-17 21:00:00,Real Madrid
647,90,,Keeper,184554,8634,Marc-Andre ter Stegen,1.89,1,3629407,2022-04-18 21:00:00,Barcelona
648,90,,Keeper,486981,8385,Jeremias Ledesma,1.04,0,3629407,2022-04-18 21:00:00,Cadiz
649,90,,Keeper,660625,8315,Unai Simon,1.31,2,3629405,2022-04-17 18:30:00,Athletic Club
650,90,,Keeper,592412,9910,Matias Dituro,0.55,0,3629405,2022-04-17 18:30:00,Celta Vigo
651,90,,Keeper,948800,10267,Giorgi Mamardashvili,2.58,1,3629431,2022-04-30 18:30:00,Valencia
652,90,,Keeper,1041445,8581,Dani Cárdenas,0.82,1,3629431,2022-04-30 18:30:00,Levante
653,90,,Keeper,241059,9866,Fernando Pacheco,0.43,1,3629424,2022-04-30 14:00:00,Deportivo Alaves
654,90,,Keeper,96623,10205,Sergio Asenjo,2.03,2,3629424,2022-04-30 14:00:00,Villarreal
655,90,,Keeper,660625,8315,Unai Simon,0.99,0,3629425,2022-04-30 21:00:00,Athletic Club
656,90,,Keeper,177126,9906,Jan Oblak,1.61,2,3629425,2022-04-30 21:00:00,Atletico Madrid
657,90,,Keeper,170323,8633,Thibaut Courtois,1.55,0,3629429,2022-04-30 16:15:00,Real Madrid
658,90,,Keeper,41466,8558,Diego Lopez,2.44,4,3629429,2022-04-30 16:15:00,Espanyol
659,90,,Keeper,303353,10268,Edgar Badia,1.22,1,3629433,2022-05-01 14:00:00,Elche
660,90,,Keeper,683762,8371,Sergio Herrera,0.64,1,3629433,2022-05-01 14:00:00,Osasuna
661,90,,Keeper,184554,8634,Marc-Andre ter Stegen,0.34,1,3629296,2022-04-24 21:00:00,Barcelona
662,90,,Keeper,254241,8370,Stole Dimitrievski,0.25,0,3629296,2022-04-24 21:00:00,Rayo Vallecano
663,90,,Keeper,777035,7878,Luis Maximiano,1.60,1,3629428,2022-05-01 16:15:00,Granada
664,90,,Keeper,592412,9910,Matias Dituro,2.05,1,3629428,2022-05-01 16:15:00,Celta Vigo
665,90,,Keeper,254241,8370,Stole Dimitrievski,0.66,1,3629432,2022-05-01 18:30:00,Rayo Vallecano
666,90,,Keeper,616539,8560,Alex Remiro,1.48,1,3629432,2022-05-01 18:30:00,Real Sociedad
667,90,,Keeper,581919,8305,David Soria,0.08,0,3629439,2022-05-08 14:00:00,Getafe
668,90,,Keeper,254241,8370,Stole Dimitrievski,0.57,0,3629439,2022-05-08 14:00:00,Rayo Vallecano
669,90,,Keeper,340020,8302,Yassine Bounou,0.54,1,3629430,2022-04-29 21:00:00,Sevilla
670,90,,Keeper,486981,8385,Jeremias Ledesma,1.24,1,3629430,2022-04-29 21:00:00,Cadiz
671,90,,Keeper,1041445,8581,Dani Cárdenas,1.15,1,3629442,2022-05-06 21:00:00,Levante
672,90,,Keeper,616539,8560,Alex Remiro,1.86,2,3629442,2022-05-06 21:00:00,Real Sociedad
673,90,,Keeper,581919,8305,David Soria,0.37,0,3629427,2022-05-02 21:00:00,Getafe
674,90,,Keeper,37421,8603,Claudio Bravo,0.55,0,3629427,2022-05-02 21:00:00,Real Betis
675,90,,Keeper,184554,8634,Marc-Andre ter Stegen,0.45,1,3629426,2022-05-01 21:00:00,Barcelona
676,90,,Keeper,300532,8661,Sergio Rico,1.14,2,3629426,2022-05-01 21:00:00,Mallorca
677,90,,Keeper,245555,10205,Geronimo Rulli,0.85,1,3629443,2022-05-08 16:15:00,Villarreal
678,90,,Keeper,340020,8302,Yassine Bounou,3.03,1,3629443,2022-05-08 16:15:00,Sevilla
679,90,,Keeper,41466,8558,Diego Lopez,1.24,1,3629441,2022-05-08 18:30:00,Espanyol
680,90,,Keeper,683762,8371,Sergio Herrera,0.25,1,3629441,2022-05-08 18:30:00,Osasuna
681,90,,Keeper,177126,9906,Jan Oblak,1.08,0,3629435,2022-05-08 21:00:00,Atletico Madrid
682,90,,Keeper,800882,8633,Andriy Lunin,1.31,1,3629435,2022-05-08 21:00:00,Real Madrid
683,90,,Keeper,777035,7878,Luis Maximiano,0.33,0,3629446,2022-05-10 20:00:00,Granada
684,90,,Keeper,660625,8315,Unai Simon,0.85,1,3629446,2022-05-10 20:00:00,Athletic Club
685,90,,Keeper,184554,8634,Marc-Andre ter Stegen,1.70,1,3629445,2022-05-10 21:30:00,Barcelona
686,90,,Keeper,592412,9910,Matias Dituro,0.76,3,3629445,2022-05-10 21:30:00,Celta Vigo
687,90,,Keeper,254241,8370,Stole Dimitrievski,5.08,5,3629452,2022-05-12 20:00:00,Rayo Vallecano
688,90,,Keeper,245555,10205,Geronimo Rulli,1.29,1,3629452,2022-05-12 20:00:00,Villarreal
689,90,,Keeper,948800,10267,Giorgi Mamardashvili,2.05,3,3629451,2022-05-10 19:00:00,Valencia
690,90,,Keeper,361717,8603,Rui Silva,0.76,0,3629451,2022-05-10 19:00:00,Real Betis
691,90,,Keeper,300532,8661,Sergio Rico,4.19,6,3629438,2022-05-07 14:00:00,Mallorca
692,90,,Keeper,777035,7878,Luis Maximiano,1.89,2,3629438,2022-05-07 14:00:00,Granada
693,90,,Keeper,616539,8560,Alex Remiro,0.13,0,3629449,2022-05-12 19:00:00,Real Sociedad
694,90,,Keeper,486981,8385,Jeremias Ledesma,2.84,3,3629449,2022-05-12 19:00:00,Cadiz
695,90,,Keeper,170323,8633,Thibaut Courtois,0.03,0,3629448,2022-05-12 21:30:00,Real Madrid
696,90,,Keeper,1041445,8581,Dani Cárdenas,4.88,6,3629448,2022-05-12 21:30:00,Levante
697,90,,Keeper,486981,8385,Jeremias Ledesma,0.41,0,3629440,2022-05-07 18:30:00,Cadiz
698,90,,Keeper,303353,10268,Edgar Badia,2.04,3,3629440,2022-05-07 18:30:00,Elche
699,17,,Keeper,37421,8603,Claudio Bravo,1.20,0,3629436,2022-05-07 21:00:00,Real Betis
700,90,,Keeper,176186,8634, Neto,0.60,1,3629436,2022-05-07 21:00:00,Barcelona
701,73,,Keeper,361717,8603,Rui Silva,1.20,2,3629436,2022-05-07 21:00:00,Real Betis
702,90,,Keeper,592412,9910,Matias Dituro,0.20,0,3629437,2022-05-07 18:30:00,Celta Vigo
703,90,,Keeper,241059,9866,Fernando Pacheco,3.16,4,3629437,2022-05-07 18:30:00,Deportivo Alaves
704,90,,Keeper,660625,8315,Unai Simon,0.05,0,3629434,2022-05-07 16:15:00,Athletic Club
705,90,,Keeper,948800,10267,Giorgi Mamardashvili,1.39,0,3629434,2022-05-07 16:15:00,Valencia
706,90,,Keeper,241059,9866,Fernando Pacheco,1.28,1,3629444,2022-05-11 19:00:00,Deportivo Alaves
707,90,,Keeper,41466,8558,Diego Lopez,3.25,2,3629444,2022-05-11 19:00:00,Espanyol
708,90,,Keeper,340020,8302,Yassine Bounou,0.67,0,3629450,2022-05-11 20:30:00,Sevilla
709,90,,Keeper,114762,8661,Manolo Reina,1.53,0,3629450,2022-05-11 20:30:00,Mallorca
710,90,,Keeper,630937,8371,Juan Pérez,0,1,3629447,2022-05-11 19:00:00,Osasuna
711,90,,Keeper,177126,9906,Jan Oblak,0.57,1,3629455,2022-05-15 19:30:00,Atletico Madrid
712,90,,Keeper,340020,8302,Yassine Bounou,0.50,1,3629455,2022-05-15 19:30:00,Sevilla
713,90,,Keeper,303353,10268,Edgar Badia,2.56,2,3629453,2022-05-11 21:30:00,Elche
714,90,,Keeper,177126,9906,Jan Oblak,0,0,3629453,2022-05-11 21:30:00,Atletico Madrid
715,90,,Keeper,41466,8558,Diego Lopez,1.11,1,3629461,2022-05-14 18:30:00,Espanyol
716,90,,Keeper,660625,8315,Unai Simon,0.06,0,3629454,2022-05-15 19:30:00,Athletic Club
717,90,,Keeper,683762,8371,Sergio Herrera,1.60,2,3629454,2022-05-15 19:30:00,Osasuna
718,90,,Keeper,486981,8385,Jeremias Ledesma,2.57,1,3629460,2022-05-15 19:30:00,Cadiz
719,90,,Keeper,800882,8633,Andriy Lunin,2.61,1,3629460,2022-05-15 19:30:00,Real Madrid
720,90,,Keeper,592412,9910,Matias Dituro,0.10,0,3629457,2022-05-15 19:30:00,Celta Vigo
721,90,,Keeper,40672,10268,Francisco Casilla,1.51,1,3629457,2022-05-15 19:30:00,Elche
722,90,,Keeper,581919,8305,David Soria,0.02,0,3629459,2022-05-15 19:30:00,Getafe
723,90,,Keeper,184554,8634,Marc-Andre ter Stegen,0.28,0,3629459,2022-05-15 19:30:00,Barcelona
724,90,,Keeper,1366374,8581,Alejandro Primo,0.82,1,3629462,2022-05-15 19:30:00,Levante
725,90,,Keeper,241059,9866,Fernando Pacheco,1.69,3,3629462,2022-05-15 19:30:00,Deportivo Alaves
726,90,,Keeper,361717,8603,Rui Silva,0.52,0,3629456,2022-05-15 19:30:00,Real Betis
727,90,,Keeper,777035,7878,Luis Maximiano,1.97,2,3629456,2022-05-15 19:30:00,Granada
728,90,,Keeper,489240,10267, Jaume,1.34,0,3629471,2022-05-21 17:30:00,Valencia
729,90,,Keeper,592412,9910,Matias Dituro,1.18,2,3629471,2022-05-21 17:30:00,Celta Vigo
730,90,,Keeper,114762,8661,Manolo Reina,2.10,1,3629458,2022-05-15 19:30:00,Mallorca
731,90,,Keeper,254241,8370,Stole Dimitrievski,1.39,2,3629458,2022-05-15 19:30:00,Rayo Vallecano
732,90,,Keeper,245555,10205,Geronimo Rulli,2.39,2,3629463,2022-05-15 19:30:00,Villarreal
733,90,,Keeper,616539,8560,Alex Remiro,0.62,1,3629463,2022-05-15 19:30:00,Real Sociedad
734,90,,Keeper,40672,10268,Francisco Casilla,1.20,1,3629473,2022-05-22 17:30:00,Elche
735,90,,Keeper,581919,8305,David Soria,3.55,3,3629473,2022-05-22 17:30:00,Getafe
736,90,,Keeper,770880,8370,Luca Zidane,3.06,4,3629472,2022-05-20 21:00:00,Rayo Vallecano
737,90,,Keeper,1041445,8581,Dani Cárdenas,3.26,2,3629472,2022-05-20 21:00:00,Levante
738,90,,Keeper,683762,8371,Sergio Herrera,2.89,2,3629467,2022-05-22 20:00:00,Osasuna
739,90,,Keeper,170323,8633,Thibaut Courtois,0.13,0,3629468,2022-05-20 21:00:00,Real Madrid
740,90,,Keeper,361717,8603,Rui Silva,0.08,0,3629468,2022-05-20 21:00:00,Real Betis
741,90,,Keeper,616539,8560,Alex Remiro,1.82,2,3629469,2022-05-22 22:00:00,Real Sociedad
742,90,,Keeper,177126,9906,Jan Oblak,0.76,1,3629469,2022-05-22 22:00:00,Atletico Madrid
743,90,,Keeper,530468,9866,Antonio Sivera,2.58,1,3629464,2022-05-22 20:00:00,Deportivo Alaves
744,90,,Keeper,486981,8385,Jeremias Ledesma,0.46,0,3629464,2022-05-22 20:00:00,Cadiz
745,90,,Keeper,777035,7878,Luis Maximiano,0.35,0,3629466,2022-05-22 20:00:00,Granada
746,90,,Keeper,41466,8558,Diego Lopez,0.73,0,3629466,2022-05-22 20:00:00,Espanyol
747,90,,Keeper,280818,8302,Marko Dmitrovic,0.11,0,3629470,2022-05-22 22:00:00,Sevilla
748,90,,Keeper,660625,8315,Unai Simon,0.88,1,3629470,2022-05-22 22:00:00,Athletic Club
749,90,,Keeper,184554,8634,Marc-Andre ter Stegen,0.35,2,3629465,2022-05-22 22:00:00,Barcelona
750,90,,Keeper,245555,10205,Geronimo Rulli,0.51,0,3629465,2022-05-22 22:00:00,Villarreal
751,90,,Keeper,948800,10267,Giorgi Mamardashvili,0.27,0,3918017,2022-08-14 19:30:00,Valencia
752,90,,Keeper,246422,7732,Juan Carlos,1.17,1,3918017,2022-08-14 19:30:00,Girona
753,90,,Keeper,164020,9910,Agustin Marchesin,1.21,2,3918011,2022-08-13 17:00:00,Celta Vigo
754,90,,Keeper,486981,8385,Jeremias Ledesma,2.29,1,3918012,2022-08-14 17:30:00,Cadiz
755,90,,Keeper,616539,8560,Alex Remiro,0.07,0,3918012,2022-08-14 17:30:00,Real Sociedad
756,90,,Keeper,477589,9865,Fernando Martinez,3.25,2,3918014,2022-08-14 22:00:00,Almeria
757,90,,Keeper,170323,8633,Thibaut Courtois,0.69,1,3918014,2022-08-14 22:00:00,Real Madrid
758,90,,Keeper,184554,8634,Marc-Andre ter Stegen,0.43,0,3918009,2022-08-13 21:00:00,Barcelona
759,90,,Keeper,254241,8370,Stole Dimitrievski,1.62,0,3918009,2022-08-13 21:00:00,Rayo Vallecano
760,90,,Keeper,683762,8371,Sergio Herrera,1.06,1,3918013,2022-08-12 21:00:00,Osasuna
761,90,,Keeper,660625,8315,Unai Simon,0.42,0,3918008,2022-08-15 17:30:00,Athletic Club
762,90,,Keeper,435614,8661,Predrag Rajkovic,2.04,0,3918008,2022-08-15 17:30:00,Mallorca
763,90,,Keeper,581919,8305,David Soria,2.21,3,3918015,2022-08-15 19:30:00,Getafe
764,90,,Keeper,177126,9906,Jan Oblak,0,0,3918015,2022-08-15 19:30:00,Atletico Madrid
765,90,,Keeper,96623,10281,Sergio Asenjo,1.90,3,3918016,2022-08-13 19:00:00,Real Valladolid
766,90,,Keeper,245555,10205,Geronimo Rulli,0.61,0,3918016,2022-08-13 19:00:00,Villarreal
767,90,,Keeper,361717,8603,Rui Silva,0.15,0,3918010,2022-08-15 21:30:00,Real Betis
768,90,,Keeper,303353,10268,Edgar Badia,4.03,3,3918010,2022-08-15 21:30:00,Elche
769,90,,Keeper,340020,8302,Yassine Bounou,0.97,1,3917942,2022-08-19 22:00:00,Sevilla
770,90,,Keeper,96623,10281,Sergio Asenjo,0.95,1,3917942,2022-08-19 22:00:00,Real Valladolid
771,90,,Keeper,210114,8558,Benjamin Lecomte,0.83,2,3917941,2022-08-19 20:00:00,Espanyol
772,90,,Keeper,683762,8371,Sergio Herrera,0.29,0,3917946,2022-08-20 17:30:00,Osasuna
773,90,,Keeper,164020,9910,Agustin Marchesin,4.44,4,3917940,2022-08-20 22:00:00,Celta Vigo
774,90,,Keeper,170323,8633,Thibaut Courtois,1.23,1,3917940,2022-08-20 22:00:00,Real Madrid
775,90,,Keeper,435614,8661,Predrag Rajkovic,2.12,2,3917944,2022-08-20 19:30:00,Mallorca
776,90,,Keeper,361717,8603,Rui Silva,1.69,1,3917944,2022-08-20 19:30:00,Real Betis
777,90,,Keeper,616539,8560,Alex Remiro,3.13,4,3917943,2022-08-21 22:00:00,Real Sociedad
778,90,,Keeper,184554,8634,Marc-Andre ter Stegen,1.32,1,3917943,2022-08-21 22:00:00,Barcelona
779,90,,Keeper,660625,8315,Unai Simon,0,0,3917938,2022-08-21 17:30:00,Athletic Club
780,90,,Keeper,948800,10267,Giorgi Mamardashvili,0.99,1,3917938,2022-08-21 17:30:00,Valencia
781,90,,Keeper,177126,9906,Jan Oblak,2.05,2,3917939,2022-08-21 19:30:00,Atletico Madrid
782,90,,Keeper,245555,10205,Geronimo Rulli,1.20,0,3917939,2022-08-21 19:30:00,Villarreal
783,90,,Keeper,246422,7732,Juan Carlos,0.80,1,3917956,2022-08-26 20:00:00,Girona
784,90,,Keeper,164020,9910,Agustin Marchesin,0.26,0,3917956,2022-08-26 20:00:00,Celta Vigo
785,90,,Keeper,246422,7732,Juan Carlos,1.15,1,3917945,2022-08-22 22:00:00,Girona
786,90,,Keeper,581919,8305,David Soria,1.84,3,3917945,2022-08-22 22:00:00,Getafe
787,90,,Keeper,303353,10268,Edgar Badia,1.31,1,3917947,2022-08-22 20:00:00,Elche
788,90,,Keeper,477589,9865,Fernando Martinez,0.36,1,3917947,2022-08-22 20:00:00,Almeria
789,90,,Keeper,361717,8603,Rui Silva,0.52,0,3917949,2022-08-26 22:00:00,Real Betis
790,90,,Keeper,303353,10268,Edgar Badia,2.28,1,3917950,2022-08-27 17:30:00,Elche
791,90,,Keeper,616539,8560,Alex Remiro,1.44,0,3917950,2022-08-27 17:30:00,Real Sociedad
792,90,,Keeper,486981,8385,Jeremias Ledesma,2.91,4,3917954,2022-08-29 20:00:00,Cadiz
793,90,,Keeper,660625,8315,Unai Simon,0.25,0,3917954,2022-08-29 20:00:00,Athletic Club
794,90,,Keeper,254241,8370,Stole Dimitrievski,1.08,2,3917957,2022-08-27 19:30:00,Rayo Vallecano
795,90,,Keeper,435614,8661,Predrag Rajkovic,0,0,3917957,2022-08-27 19:30:00,Mallorca
796,90,,Keeper,477589,9865,Fernando Martinez,1.25,1,3917953,2022-08-27 22:00:00,Almeria
797,90,,Keeper,340020,8302,Yassine Bounou,2.72,2,3917953,2022-08-27 22:00:00,Sevilla
798,90,,Keeper,948800,10267,Giorgi Mamardashvili,1.88,1,3917955,2022-08-29 22:00:00,Valencia
799,90,,Keeper,177126,9906,Jan Oblak,0.16,0,3917955,2022-08-29 22:00:00,Atletico Madrid
800,90,,Keeper,184554,8634,Marc-Andre ter Stegen,0.81,0,3917948,2022-08-28 19:30:00,Barcelona
801,90,,Keeper,213684,10281,Jordi Masip,4.01,4,3917948,2022-08-28 19:30:00,Real Valladolid
802,89,,Keeper,210114,8558,Benjamin Lecomte,2.80,2,3917952,2022-08-28 22:00:00,Espanyol
803,90,,Keeper,581919,8305,David Soria,0.94,0,3917951,2022-08-28 17:30:00,Getafe
804,90,,Keeper,245555,10205,Geronimo Rulli,0.24,0,3917951,2022-08-28 17:30:00,Villarreal
805,90,,Keeper,164020,9910,Agustin Marchesin,0,0,3917965,2022-09-02 21:00:00,Celta Vigo
806,90,,Keeper,486981,8385,Jeremias Ledesma,1.56,3,3917965,2022-09-02 21:00:00,Cadiz
807,90,,Keeper,170323,8633,Thibaut Courtois,0.27,1,3917962,2022-09-03 16:15:00,Real Madrid
808,90,,Keeper,361717,8603,Rui Silva,1.29,2,3917962,2022-09-03 16:15:00,Real Betis
809,90,,Keeper,616539,8560,Alex Remiro,1.28,1,3917960,2022-09-03 18:30:00,Real Sociedad
810,84,,Keeper,177126,9906,Jan Oblak,1.40,1,3917960,2022-09-03 18:30:00,Atletico Madrid
811,6,,Keeper,539546,9906,Ivo Grbic,1.40,0,3917960,2022-09-03 18:30:00,Atletico Madrid
812,90,,Keeper,340020,8302,Yassine Bounou,3.39,3,3917961,2022-09-03 21:00:00,Sevilla
813,90,,Keeper,184554,8634,Marc-Andre ter Stegen,1.06,0,3917961,2022-09-03 21:00:00,Barcelona
814,90,,Keeper,96623,10281,Sergio Asenjo,0,0,3917966,2022-09-05 21:00:00,Real Valladolid
815,90,,Keeper,477589,9865,Fernando Martinez,1.32,1,3917966,2022-09-05 21:00:00,Almeria
816,90,,Keeper,435614,8661,Predrag Rajkovic,1.39,1,3917967,2022-09-03 14:00:00,Mallorca
817,90,,Keeper,246422,7732,Juan Carlos,1.04,1,3917967,2022-09-03 14:00:00,Girona
818,90,,Keeper,683762,8371,Sergio Herrera,0.17,1,3917959,2022-09-04 14:00:00,Osasuna
819,90,,Keeper,254241,8370,Stole Dimitrievski,3.26,2,3917959,2022-09-04 14:00:00,Rayo Vallecano
820,90,,Keeper,948800,10267,Giorgi Mamardashvili,0.71,1,3917964,2022-09-04 21:00:00,Valencia
821,90,,Keeper,581919,8305,David Soria,2.91,5,3917964,2022-09-04 21:00:00,Getafe
822,90,,Keeper,660625,8315,Unai Simon,0.95,1,3917958,2022-09-04 16:15:00,Athletic Club
823,90,,Keeper,796781,8558,Álvaro Fernández,0.33,0,3917958,2022-09-04 16:15:00,Espanyol
824,90,,Keeper,170323,8633,Thibaut Courtois,0.31,1,3917977,2022-09-11 14:00:00,Real Madrid
825,90,,Keeper,435614,8661,Predrag Rajkovic,2.99,4,3917977,2022-09-11 14:00:00,Mallorca
826,90,,Keeper,246422,7732,Juan Carlos,0.62,1,3917974,2022-09-09 21:00:00,Girona
827,90,,Keeper,96623,10281,Sergio Asenjo,2.45,2,3917974,2022-09-09 21:00:00,Real Valladolid
828,90,,Keeper,245555,10205,Geronimo Rulli,0,0,3917963,2022-09-04 18:30:00,Villarreal
829,90,,Keeper,303353,10268,Edgar Badia,5.99,4,3917963,2022-09-04 18:30:00,Elche
830,90,,Keeper,581919,8305,David Soria,0.88,1,3917970,2022-09-11 18:30:00,Getafe
831,90,,Keeper,616539,8560,Alex Remiro,1.45,2,3917970,2022-09-11 18:30:00,Real Sociedad
832,90,,Keeper,361717,8603,Rui Silva,0.84,0,3917969,2022-09-11 21:00:00,Real Betis
833,90,,Keeper,245555,10205,Geronimo Rulli,1.13,1,3917969,2022-09-11 21:00:00,Villarreal
834,90,,Keeper,303353,10268,Edgar Badia,3.69,4,3917975,2022-09-11 16:15:00,Elche
835,90,,Keeper,660625,8315,Unai Simon,0.72,1,3917975,2022-09-11 16:15:00,Athletic Club
836,90,,Keeper,796781,8558,Álvaro Fernández,2.53,3,3917971,2022-09-10 16:15:00,Espanyol
837,90,,Keeper,340020,8302,Yassine Bounou,2.27,2,3917971,2022-09-10 16:15:00,Sevilla
838,90,,Keeper,486981,8385,Jeremias Ledesma,3.03,4,3917976,2022-09-10 18:30:00,Cadiz
839,90,,Keeper,184554,8634,Marc-Andre ter Stegen,0,0,3917976,2022-09-10 18:30:00,Barcelona
840,90,,Keeper,254241,8370,Stole Dimitrievski,1.85,1,3917972,2022-09-10 14:00:00,Rayo Vallecano
841,90,,Keeper,948800,10267,Giorgi Mamardashvili,1.49,2,3917972,2022-09-10 14:00:00,Valencia
842,90,,Keeper,539546,9906,Ivo Grbic,0.48,1,3917968,2022-09-10 21:00:00,Atletico Madrid
843,90,,Keeper,164020,9910,Agustin Marchesin,0.69,4,3917968,2022-09-10 21:00:00,Celta Vigo
844,90,,Keeper,435614,8661,Predrag Rajkovic,0.18,0,3917986,2022-09-17 14:00:00,Mallorca
845,90,,Keeper,477589,9865,Fernando Martinez,0.65,1,3917986,2022-09-17 14:00:00,Almeria
846,90,,Keeper,948800,10267,Giorgi Mamardashvili,0.79,0,3917981,2022-09-17 18:30:00,Valencia
847,90,,Keeper,164020,9910,Agustin Marchesin,2.73,3,3917981,2022-09-17 18:30:00,Celta Vigo
848,90,,Keeper,96623,10281,Sergio Asenjo,0.39,1,3917983,2022-09-16 21:00:00,Real Valladolid
849,90,,Keeper,486981,8385,Jeremias Ledesma,0.61,0,3917983,2022-09-16 21:00:00,Cadiz
850,90,,Keeper,477589,9865,Fernando Martinez,1.34,1,3917973,2022-09-12 21:00:00,Almeria
851,90,,Keeper,683762,8371,Sergio Herrera,0.24,0,3917973,2022-09-12 21:00:00,Osasuna
852,90,,Keeper,184554,8634,Marc-Andre ter Stegen,0.03,0,3917979,2022-09-17 16:15:00,Barcelona
853,90,,Keeper,303353,10268,Edgar Badia,4.11,3,3917979,2022-09-17 16:15:00,Elche
854,90,,Keeper,245555,10205,Geronimo Rulli,0.30,1,3917985,2022-09-18 16:15:00,Villarreal
855,45,,Keeper,340020,8302,Yassine Bounou,1.58,0,3917985,2022-09-18 16:15:00,Sevilla
856,45,,Keeper,280818,8302,Marko Dmitrovic,1.58,1,3917985,2022-09-18 16:15:00,Sevilla
857,90,,Keeper,683762,8371,Sergio Herrera,1.48,2,3917982,2022-09-18 14:00:00,Osasuna
858,90,,Keeper,581919,8305,David Soria,0.55,0,3917982,2022-09-18 14:00:00,Getafe
859,90,,Keeper,660625,8315,Unai Simon,0.62,2,3917978,2022-09-17 21:00:00,Athletic Club
860,90,,Keeper,254241,8370,Stole Dimitrievski,2.82,3,3917978,2022-09-17 21:00:00,Rayo Vallecano
861,90,,Keeper,616539,8560,Alex Remiro,0.48,1,3917984,2022-09-18 18:30:00,Real Sociedad
862,90,,Keeper,796781,8558,Álvaro Fernández,2.47,2,3917984,2022-09-18 18:30:00,Espanyol
863,90,,Keeper,486981,8385,Jeremias Ledesma,0.73,0,3917989,2022-10-01 14:00:00,Cadiz
864,90,,Keeper,245555,10205,Geronimo Rulli,0.65,0,3917989,2022-10-01 14:00:00,Villarreal
865,90,,Keeper,660625,8315,Unai Simon,0.12,0,3917997,2022-09-30 21:00:00,Athletic Club
866,90,,Keeper,477589,9865,Fernando Martinez,1.99,4,3917997,2022-09-30 21:00:00,Almeria
867,90,,Keeper,361717,8603,Rui Silva,1.35,1,3917980,2022-09-18 18:30:00,Real Betis
868,90,,Keeper,246422,7732,Juan Carlos,1.90,2,3917980,2022-09-18 18:30:00,Girona
869,90,,Keeper,177126,9906,Jan Oblak,1.64,2,3917987,2022-09-18 21:00:00,Atletico Madrid
870,90,,Keeper,170323,8633,Thibaut Courtois,0.49,1,3917987,2022-09-18 21:00:00,Real Madrid
871,90,,Keeper,581919,8305,David Soria,1.96,3,3917988,2022-10-01 16:15:00,Getafe
872,90,,Keeper,213684,10281,Jordi Masip,2.01,2,3917988,2022-10-01 16:15:00,Real Valladolid
873,90,,Keeper,254241,8370,Stole Dimitrievski,0.91,1,3917995,2022-10-03 21:00:00,Rayo Vallecano
874,90,,Keeper,303353,10268,Edgar Badia,0.99,2,3917995,2022-10-03 21:00:00,Elche
875,90,,Keeper,435614,8661,Predrag Rajkovic,0.80,1,3917993,2022-10-01 21:00:00,Mallorca
876,90,,Keeper,184554,8634,Marc-Andre ter Stegen,0.51,0,3917993,2022-10-01 21:00:00,Barcelona
877,90,,Keeper,340020,8302,Yassine Bounou,1.50,2,3917992,2022-10-01 18:30:00,Sevilla
878,90,,Keeper,177126,9906,Jan Oblak,0.26,0,3917992,2022-10-01 18:30:00,Atletico Madrid
879,90,,Keeper,800882,8633,Andriy Lunin,0.53,1,3917996,2022-10-02 21:00:00,Real Madrid
880,90,,Keeper,683762,8371,Sergio Herrera,0.99,1,3917996,2022-10-02 21:00:00,Osasuna
881,90,,Keeper,246422,7732,Juan Carlos,3.10,5,3917991,2022-10-02 18:30:00,Girona
882,90,,Keeper,616539,8560,Alex Remiro,1.58,3,3917991,2022-10-02 18:30:00,Real Sociedad
883,90,,Keeper,477589,9865,Fernando Martinez,0.36,1,3918005,2022-10-08 14:00:00,Almeria
884,90,,Keeper,41466,8370,Diego Lopez,1.05,3,3918005,2022-10-08 14:00:00,Rayo Vallecano
885,90,,Keeper,683762,8371,Sergio Herrera,1.68,2,3918003,2022-10-07 21:00:00,Osasuna
886,90,,Keeper,948800,10267,Giorgi Mamardashvili,0.22,1,3918003,2022-10-07 21:00:00,Valencia
887,90,,Keeper,177126,9906,Jan Oblak,0.53,1,3917998,2022-10-08 16:15:00,Atletico Madrid
888,90,,Keeper,246422,7732,Juan Carlos,3.23,2,3917998,2022-10-08 16:15:00,Girona
889,90,,Keeper,164020,9910,Agustin Marchesin,0.61,0,3917994,2022-10-02 16:15:00,Celta Vigo
890,90,,Keeper,361717,8603,Rui Silva,1.38,1,3917994,2022-10-02 16:15:00,Real Betis
891,90,,Keeper,796781,8558,Álvaro Fernández,2.14,2,3917990,2022-10-02 14:00:00,Espanyol
892,90,,Keeper,948800,10267,Giorgi Mamardashvili,1.35,2,3917990,2022-10-02 14:00:00,Valencia
893,90,,Keeper,280818,8302,Marko Dmitrovic,0.56,1,3918006,2022-10-08 18:30:00,Sevilla
894,90,,Keeper,660625,8315,Unai Simon,1.55,1,3918006,2022-10-08 18:30:00,Athletic Club
895,90,,Keeper,581919,8305,David Soria,0.80,1,3918001,2022-10-08 21:00:00,Getafe
896,90,,Keeper,800882,8633,Andriy Lunin,0.23,0,3918001,2022-10-08 21:00:00,Real Madrid
897,90,,Keeper,213684,10281,Jordi Masip,0.47,0,3918007,2022-10-09 14:00:00,Real Valladolid
898,90,,Keeper,361717,8603,Rui Silva,0.19,0,3918007,2022-10-09 14:00:00,Real Betis
899,90,,Keeper,184554,8634,Marc-Andre ter Stegen,0.53,0,3917999,2022-10-09 21:00:00,Barcelona
900,90,,Keeper,164020,9910,Agustin Marchesin,1.29,1,3917999,2022-10-09 21:00:00,Celta Vigo
901,90,,Keeper,486981,8385,Jeremias Ledesma,1.46,2,3918002,2022-10-09 16:15:00,Cadiz
902,90,,Keeper,210114,8558,Benjamin Lecomte,1.47,2,3918002,2022-10-09 16:15:00,Espanyol
903,90,,Keeper,616539,8560,Alex Remiro,0.24,0,3918004,2022-10-09 18:30:00,Real Sociedad
904,90,,Keeper,245555,10205,Geronimo Rulli,1.27,1,3918004,2022-10-09 18:30:00,Villarreal
905,90,,Keeper,303353,10268,Edgar Badia,2.52,1,3918000,2022-10-10 21:30:00,Elche
906,90,,Keeper,435614,8661,Predrag Rajkovic,0.59,1,3918000,2022-10-10 21:30:00,Mallorca
