,season,date,league_id,league,team1,team2,spi1,spi2,prob1,prob2,probtie,proj_score1,proj_score2,importance1,importance2,score1,score2,xg1,xg2,nsxg1,nsxg2,adj_score1,adj_score2
2340,2022,2022-08-05,1845,German Bundesliga,Eintracht Frankfurt,Bayern Munich,68.47,91.75,0.135,0.6796,0.1854,0.99,2.41,32.6,71.9,1.0,6.0,0.83,4.5,0.65,2.72,1.05,5.96
2343,2022,2022-08-05,2411,Barclays Premier League,Crystal Palace,Arsenal,71.36,78.53,0.3159,0.4205,0.2636,1.16,1.39,22.8,48.6,0.0,2.0,1.3,1.36,1.4,2.41,0.0,1.72
2344,2022,2022-08-05,1843,French Ligue 1,Lyon,AC Ajaccio,72.03,51.39,0.6941,0.1222,0.1837,2.28,0.84,50.4,33.5,2.0,1.0,1.82,1.2,0.57,0.69,2.1,0.84
2360,2022,2022-08-06,2411,Barclays Premier League,Fulham,Liverpool,58.7,90.51,0.0926,0.7466,0.1607,0.71,2.38,39.7,68.2,2.0,2.0,1.25,2.57,0.78,1.41,2.1,2.1
2368,2022,2022-08-06,1845,German Bundesliga,Borussia Monchengladbach,TSG Hoffenheim,69.38,66.77,0.4872,0.2742,0.2386,1.87,1.35,40.2,33.3,3.0,1.0,1.86,0.1,2.51,0.31,2.36,1.05
2369,2022,2022-08-06,1845,German Bundesliga,VfL Bochum,Mainz,60.73,68.88,0.3568,0.3629,0.2803,1.28,1.29,33.5,34.5,1.0,2.0,1.0,1.62,0.96,0.86,1.05,2.1
2370,2022,2022-08-06,1845,German Bundesliga,FC Augsburg,SC Freiburg,60.93,67.94,0.3649,0.3662,0.2689,1.38,1.38,32.1,34.8,0.0,4.0,0.55,1.5,0.94,1.35,0.0,4.0
2371,2022,2022-08-06,1845,German Bundesliga,1. FC Union Berlin,Hertha Berlin,69.98,59.7,0.5479,0.186,0.2661,1.58,0.8,34.9,33.0,3.0,1.0,1.25,0.4,1.66,0.36,3.15,1.05
2372,2022,2022-08-06,1845,German Bundesliga,VfL Wolfsburg,Werder Bremen,68.18,59.82,0.5319,0.2014,0.2667,1.58,0.86,30.2,33.3,2.0,2.0,0.81,0.97,1.07,1.25,2.1,2.1
2381,2022,2022-08-06,2411,Barclays Premier League,AFC Bournemouth,Aston Villa,57.92,74.05,0.2719,0.4687,0.2594,1.06,1.48,40.2,28.8,2.0,0.0,0.49,0.68,0.79,1.95,1.84,0.0
2385,2022,2022-08-06,2411,Barclays Premier League,Newcastle,Nottingham Forest,68.65,57.31,0.5401,0.2045,0.2554,1.54,0.84,30.4,42.6,2.0,0.0,1.82,0.26,3.33,0.48,1.9,0.0
2401,2022,2022-08-06,2411,Barclays Premier League,Tottenham Hotspur,Southampton,81.87,61.33,0.7059,0.1182,0.1758,2.29,0.82,60.3,33.6,4.0,1.0,1.91,0.54,1.88,1.23,4.2,1.05
2413,2022,2022-08-06,2411,Barclays Premier League,Leeds United,Wolverhampton,62.15,67.72,0.3941,0.3456,0.2604,1.37,1.26,33.5,23.5,2.0,1.0,0.84,1.11,1.02,2.58,2.1,1.05
2419,2022,2022-08-06,1843,French Ligue 1,Strasbourg,AS Monaco,67.46,72.81,0.3761,0.3657,0.2582,1.42,1.4,42.4,54.8,1.0,2.0,1.18,2.34,1.46,1.81,1.05,2.1
2429,2022,2022-08-06,2411,Barclays Premier League,Everton,Chelsea,63.82,85.73,0.1763,0.6092,0.2145,0.94,1.94,28.5,57.5,0.0,1.0,0.5,2.12,0.95,1.36,0.0,1.05
2430,2022,2022-08-06,1845,German Bundesliga,Borussia Dortmund,Bayer Leverkusen,80.58,77.75,0.4972,0.2638,0.2389,1.87,1.31,65.8,59.2,1.0,0.0,2.06,1.32,1.63,1.08,1.05,0.0
2451,2022,2022-08-06,1843,French Ligue 1,Clermont Foot,Paris Saint-Germain,52.92,88.66,0.0904,0.7607,0.1489,0.82,2.66,37.1,64.8,0.0,5.0,0.26,4.21,0.58,3.09,0.0,4.58
2494,2022,2022-08-07,1843,French Ligue 1,Toulouse,Nice,52.71,64.57,0.34,0.3891,0.2709,1.24,1.35,38.4,24.9,1.0,1.0,1.49,0.76,1.0,1.37,1.05,1.05
2504,2022,2022-08-07,2411,Barclays Premier League,Leicester City,Brentford,71.24,68.58,0.4741,0.28,0.2458,1.61,1.18,25.1,19.8,2.0,2.0,0.6,1.05,0.82,0.42,2.1,2.1
2505,2022,2022-08-07,1843,French Ligue 1,Angers,Nantes,55.79,59.64,0.4085,0.3182,0.2732,1.36,1.17,33.6,27.0,0.0,0.0,2.06,1.16,1.58,0.83,0.0,0.0
2507,2022,2022-08-07,1843,French Ligue 1,Lille,Auxerre,68.72,51.71,0.6247,0.1455,0.2297,1.8,0.73,40.3,36.5,4.0,1.0,1.22,0.93,1.67,1.17,4.2,1.05
2508,2022,2022-08-07,1843,French Ligue 1,Lens,Brest,65.19,54.35,0.5533,0.2067,0.24,1.76,0.98,25.4,34.2,3.0,2.0,3.16,1.11,1.68,0.89,3.15,2.1
2511,2022,2022-08-07,2411,Barclays Premier League,Manchester United,Brighton and Hove Albion,75.25,73.74,0.4658,0.2826,0.2517,1.54,1.14,38.2,32.9,1.0,2.0,1.7,1.68,1.91,1.35,1.05,2.1
2512,2022,2022-08-07,1843,French Ligue 1,Montpellier,Troyes,52.99,54.68,0.4353,0.2932,0.2715,1.41,1.11,39.9,37.5,3.0,2.0,1.66,2.03,1.12,1.26,3.15,2.1
2514,2022,2022-08-07,1845,German Bundesliga,VfB Stuttgart,RB Leipzig,65.13,80.76,0.2474,0.504,0.2485,1.16,1.75,30.7,65.0,1.0,1.0,0.59,2.07,0.96,2.03,1.05,1.05
2526,2022,2022-08-07,1843,French Ligue 1,Stade Rennes,Lorient,70.49,53.6,0.6453,0.1433,0.2113,1.99,0.81,41.3,28.7,0.0,1.0,1.49,0.83,1.81,0.14,0.0,1.05
2528,2022,2022-08-07,2411,Barclays Premier League,West Ham United,Manchester City,70.62,92.31,0.1317,0.6905,0.1778,0.91,2.32,27.7,73.8,0.0,2.0,0.34,2.39,0.58,1.85,0.0,2.1
2531,2022,2022-08-07,1845,German Bundesliga,FC Cologne,Schalke 04,66.95,60.66,0.5111,0.2188,0.2701,1.55,0.91,28.9,31.9,3.0,1.0,3.9,0.27,3.24,0.45,2.32,1.05
2549,2022,2022-08-07,1843,French Ligue 1,Marseille,Reims,69.46,57.78,0.5842,0.1703,0.2454,1.69,0.78,42.0,28.4,4.0,1.0,2.67,0.79,1.19,1.39,3.55,1.05
2605,2022,2022-08-12,1845,German Bundesliga,SC Freiburg,Borussia Dortmund,69.9,80.83,0.307,0.4461,0.2469,1.4,1.73,50.3,64.1,1.0,3.0,0.93,0.82,1.6,1.54,1.05,2.69
2608,2022,2022-08-12,1869,Spanish Primera Division,Osasuna,Sevilla FC,63.69,71.45,0.3443,0.359,0.2968,1.17,1.2,26.0,38.3,2.0,1.0,1.44,1.09,0.7,1.12,2.1,1.05
2611,2022,2022-08-12,1843,French Ligue 1,Nantes,Lille,59.32,68.76,0.3346,0.3938,0.2716,1.22,1.35,25.5,42.2,1.0,1.0,1.61,2.96,0.53,2.58,1.05,1.05
2628,2022,2022-08-13,2411,Barclays Premier League,Aston Villa,Everton,73.64,63.68,0.5392,0.2176,0.2431,1.66,0.96,25.3,30.9,2.0,1.0,2.38,1.54,1.96,1.06,1.71,1.05
2636,2022,2022-08-13,1845,German Bundesliga,TSG Hoffenheim,VfL Bochum,65.58,60.13,0.5063,0.2402,0.2535,1.7,1.1,26.5,35.5,3.0,2.0,2.42,1.6,2.07,1.38,3.15,2.1
2637,2022,2022-08-13,1845,German Bundesliga,Bayer Leverkusen,FC Augsburg,77.6,58.91,0.6722,0.1223,0.2055,2.08,0.75,53.5,34.9,1.0,2.0,2.99,0.7,2.89,0.7,1.05,2.1
2638,2022,2022-08-13,1845,German Bundesliga,Werder Bremen,VfB Stuttgart,60.79,64.83,0.4017,0.3134,0.2849,1.33,1.14,34.1,23.6,2.0,2.0,0.72,1.32,1.01,0.88,2.1,2.1
2639,2022,2022-08-13,1845,German Bundesliga,RB Leipzig,FC Cologne,81.07,68.9,0.6149,0.1625,0.2226,1.99,0.91,64.4,43.6,2.0,2.0,1.24,1.68,0.85,1.14,2.1,1.89
2640,2022,2022-08-13,1845,German Bundesliga,Hertha Berlin,Eintracht Frankfurt,58.88,66.78,0.3697,0.3455,0.2848,1.27,1.22,37.7,25.2,1.0,1.0,2.06,1.36,1.54,1.32,1.05,1.05
2652,2022,2022-08-13,2411,Barclays Premier League,Brighton and Hove Albion,Newcastle,74.21,70.26,0.4888,0.2519,0.2593,1.49,0.99,33.6,23.3,0.0,0.0,1.6,0.16,1.68,0.7,0.0,0.0
2658,2022,2022-08-13,2411,Barclays Premier League,Manchester City,AFC Bournemouth,92.69,58.63,0.8742,0.0294,0.0964,2.82,0.37,61.0,34.2,4.0,0.0,1.76,0.18,2.27,0.28,3.99,0.0
2665,2022,2022-08-13,2411,Barclays Premier League,Wolverhampton,Fulham,68.05,59.97,0.5084,0.2329,0.2587,1.51,0.93,32.0,40.7,0.0,0.0,1.13,1.22,0.51,0.54,0.0,0.0
2670,2022,2022-08-13,2411,Barclays Premier League,Arsenal,Leicester City,79.19,70.86,0.5653,0.2079,0.2268,1.83,1.02,53.9,26.3,4.0,2.0,2.89,0.76,2.11,0.35,4.07,2.1
2681,2022,2022-08-13,2411,Barclays Premier League,Southampton,Leeds United,61.1,61.68,0.4374,0.3176,0.245,1.57,1.31,39.9,34.3,2.0,2.0,1.37,1.98,1.18,1.24,2.1,2.1
2684,2022,2022-08-13,1869,Spanish Primera Division,Celta Vigo,Espanyol,69.06,59.72,0.5358,0.1994,0.2648,1.62,0.88,32.6,33.5,2.0,2.0,0.4,1.12,1.05,0.47,2.1,2.1
2686,2022,2022-08-13,1843,French Ligue 1,AS Monaco,Stade Rennes,73.63,69.94,0.5085,0.2549,0.2366,1.81,1.22,63.7,50.4,1.0,1.0,2.28,2.37,1.46,2.26,1.05,0.84
2695,2022,2022-08-13,1845,German Bundesliga,Schalke 04,Borussia Monchengladbach,58.21,70.65,0.2974,0.44,0.2626,1.24,1.56,35.0,47.5,2.0,2.0,1.72,1.63,1.33,1.5,2.1,2.1
2696,2022,2022-08-13,2411,Barclays Premier League,Brentford,Manchester United,69.12,74.6,0.3597,0.3904,0.2499,1.38,1.45,19.1,30.6,4.0,0.0,1.52,1.28,1.03,2.24,4.2,0.0
2697,2022,2022-08-13,1854,Italy Serie A,Sampdoria,Atalanta,52.95,73.01,0.2101,0.5546,0.2353,1.05,1.85,27.1,51.4,0.0,2.0,0.56,2.01,1.4,1.21,0.0,1.58
2698,2022,2022-08-13,1854,Italy Serie A,AC Milan,Udinese,78.31,57.94,0.6751,0.1206,0.2043,2.04,0.72,58.4,24.5,4.0,2.0,2.53,0.48,0.99,1.3,4.2,2.1
2701,2022,2022-08-13,1869,Spanish Primera Division,Real Valladolid,Villarreal,59.8,77.14,0.2456,0.5033,0.251,1.16,1.76,34.5,50.8,0.0,3.0,0.91,1.6,0.78,1.67,0.0,2.35
2724,2022,2022-08-13,1854,Italy Serie A,Lecce,Internazionale,50.41,82.17,0.1144,0.6995,0.186,0.78,2.25,35.4,65.8,1.0,2.0,0.64,2.43,0.7,2.38,1.05,2.1
2726,2022,2022-08-13,1854,Italy Serie A,Monza,Torino,52.84,62.83,0.3254,0.3833,0.2913,1.1,1.22,32.8,24.8,1.0,2.0,1.15,2.29,0.84,0.79,1.05,2.1
2729,2022,2022-08-13,1869,Spanish Primera Division,Barcelona,Rayo Vallecano,84.44,63.56,0.7269,0.0906,0.1825,2.26,0.65,53.7,23.5,0.0,0.0,1.47,0.81,2.46,0.64,0.0,0.0
2730,2022,2022-08-13,1843,French Ligue 1,Paris Saint-Germain,Montpellier,89.62,52.69,0.8784,0.0333,0.0882,3.19,0.52,56.4,38.7,5.0,2.0,3.57,1.05,3.31,0.18,4.81,2.1
2780,2022,2022-08-14,1843,French Ligue 1,Auxerre,Angers,51.5,56.26,0.4069,0.316,0.2771,1.33,1.14,42.9,36.7,2.0,2.0,1.0,1.94,0.51,1.37,2.1,1.89
2781,2022,2022-08-14,1843,French Ligue 1,Reims,Clermont Foot,57.25,51.13,0.5006,0.2341,0.2654,1.52,0.95,36.0,41.1,2.0,4.0,2.46,1.51,0.93,1.21,2.1,3.22
2783,2022,2022-08-14,1843,French Ligue 1,Troyes,Toulouse,54.65,52.97,0.4636,0.2676,0.2688,1.46,1.04,41.0,38.2,0.0,3.0,0.95,1.69,0.65,1.58,0.0,2.76
2786,2022,2022-08-14,1843,French Ligue 1,AC Ajaccio,Lens,52.21,65.5,0.3188,0.4164,0.2649,1.23,1.44,39.7,31.9,0.0,0.0,0.77,1.1,0.84,2.01,0.0,0.0
2788,2022,2022-08-14,2411,Barclays Premier League,Nottingham Forest,West Ham United,55.56,70.06,0.2976,0.437,0.2654,1.1,1.39,43.4,22.8,1.0,0.0,2.1,2.26,1.12,1.59,1.05,0.0
2790,2022,2022-08-14,1845,German Bundesliga,Mainz,1. FC Union Berlin,69.47,70.66,0.4289,0.2892,0.2819,1.39,1.09,41.9,45.1,0.0,0.0,0.56,0.36,1.03,0.96,0.0,0.0
2805,2022,2022-08-14,1843,French Ligue 1,Nice,Strasbourg,64.39,66.57,0.4155,0.3129,0.2716,1.38,1.16,27.8,34.3,1.0,1.0,1.6,1.76,0.72,1.5,1.05,1.05
2806,2022,2022-08-14,2411,Barclays Premier League,Chelsea,Tottenham Hotspur,86.03,81.93,0.4919,0.2694,0.2387,1.69,1.19,64.6,68.0,2.0,2.0,1.85,1.8,1.8,0.9,2.1,2.1
2809,2022,2022-08-14,1869,Spanish Primera Division,Cadiz,Real Sociedad,62.62,74.77,0.2948,0.4245,0.2808,1.14,1.42,27.6,47.5,0.0,1.0,0.27,2.09,0.79,1.75,0.0,1.05
2810,2022,2022-08-14,1845,German Bundesliga,Bayern Munich,VfL Wolfsburg,92.47,67.09,0.8263,0.0551,0.1187,2.97,0.67,56.4,28.1,2.0,0.0,1.47,0.54,2.06,0.8,2.1,0.0
2818,2022,2022-08-14,1854,Italy Serie A,Fiorentina,Cremonese,67.61,49.25,0.6184,0.145,0.2365,1.76,0.71,41.8,30.7,3.0,2.0,2.14,1.67,3.01,0.79,2.94,2.1
2820,2022,2022-08-14,1854,Italy Serie A,Lazio,Bologna,69.72,56.11,0.5987,0.1771,0.2242,1.94,0.95,48.0,21.0,2.0,1.0,0.83,1.59,0.98,0.58,2.1,0.84
2824,2022,2022-08-14,1869,Spanish Primera Division,Valencia,Girona FC,68.04,58.35,0.5299,0.2044,0.2657,1.61,0.9,28.5,37.3,1.0,0.0,1.68,0.15,1.14,0.96,1.05,0.0
2830,2022,2022-08-14,1854,Italy Serie A,Salernitana,AS Roma,46.63,72.87,0.1777,0.5828,0.2394,0.86,1.77,39.5,50.8,0.0,1.0,0.63,3.2,1.09,1.66,0.0,1.05
2833,2022,2022-08-14,1843,French Ligue 1,Brest,Marseille,53.78,69.78,0.2841,0.4661,0.2498,1.23,1.64,37.2,45.2,1.0,1.0,1.61,0.96,1.49,0.64,1.05,1.05
2834,2022,2022-08-14,1854,Italy Serie A,Spezia,Empoli,48.17,49.65,0.4084,0.3288,0.2629,1.47,1.29,45.1,39.7,1.0,0.0,0.77,0.92,0.81,1.32,1.05,0.0
2843,2022,2022-08-14,1869,Spanish Primera Division,Almeria,Real Madrid,60.41,86.19,0.143,0.6651,0.1918,1.02,2.39,30.6,68.8,1.0,2.0,0.74,3.15,0.61,2.55,1.05,2.1
2858,2022,2022-08-15,1869,Spanish Primera Division,Athletic Bilbao,Mallorca,72.08,57.58,0.5902,0.1646,0.2452,1.78,0.82,34.1,35.4,0.0,0.0,1.79,0.37,1.76,0.31,0.0,0.0
2860,2022,2022-08-15,1854,Italy Serie A,Verona,Napoli,61.45,75.26,0.255,0.4954,0.2496,1.14,1.69,27.4,58.5,2.0,5.0,1.12,2.9,0.66,2.65,2.1,5.04
2866,2022,2022-08-15,1869,Spanish Primera Division,Getafe,Atletico Madrid,65.51,80.68,0.2312,0.4817,0.2871,0.9,1.43,25.2,62.4,0.0,3.0,1.2,1.35,1.03,1.0,0.0,3.04
2868,2022,2022-08-15,1854,Italy Serie A,Juventus,Sassuolo,69.94,60.3,0.5443,0.2274,0.2282,1.94,1.18,47.8,28.6,3.0,0.0,2.11,1.35,0.64,1.29,3.15,0.0
2870,2022,2022-08-15,2411,Barclays Premier League,Liverpool,Crystal Palace,89.69,70.58,0.7359,0.0925,0.1716,2.22,0.64,50.6,21.4,1.0,1.0,2.58,1.48,3.1,0.58,1.05,1.05
2872,2022,2022-08-15,1869,Spanish Primera Division,Real Betis,Elche,70.75,59.59,0.5672,0.1811,0.2517,1.73,0.86,37.6,31.6,3.0,0.0,3.77,0.39,1.26,0.37,2.52,0.0
2948,2022,2022-08-19,1869,Spanish Primera Division,Espanyol,Rayo Vallecano,60.66,64.26,0.4134,0.297,0.2895,1.34,1.09,35.9,24.5,0.0,2.0,1.04,1.67,1.22,0.69,0.0,2.1
2952,2022,2022-08-19,1845,German Bundesliga,Borussia Monchengladbach,Hertha Berlin,70.14,59.16,0.5874,0.1808,0.2318,1.91,0.96,44.7,34.2,1.0,0.0,2.21,0.95,1.48,1.06,1.05,0.0
2955,2022,2022-08-19,1843,French Ligue 1,Lyon,Troyes,71.45,52.34,0.6677,0.133,0.1993,2.11,0.82,47.9,39.2,4.0,1.0,3.64,0.94,1.76,0.87,4.07,1.05
2959,2022,2022-08-19,1869,Spanish Primera Division,Sevilla FC,Real Valladolid,71.01,59.0,0.5523,0.1854,0.2623,1.64,0.83,26.7,36.7,1.0,1.0,2.08,0.49,1.88,0.29,1.05,1.05
2972,2022,2022-08-20,2411,Barclays Premier League,Tottenham Hotspur,Wolverhampton,82.05,67.73,0.6513,0.1446,0.2041,2.0,0.82,52.8,25.7,1.0,0.0,1.91,0.8,1.61,1.21,1.05,0.0
2979,2022,2022-08-20,1845,German Bundesliga,FC Augsburg,Mainz,59.17,69.44,0.3359,0.3832,0.2809,1.22,1.33,32.4,39.2,1.0,2.0,0.36,2.05,0.43,1.02,1.05,2.1
2980,2022,2022-08-20,1845,German Bundesliga,Borussia Dortmund,Werder Bremen,81.01,60.34,0.7103,0.1003,0.1893,2.19,0.68,56.1,33.2,2.0,3.0,0.55,1.19,0.8,1.8,1.93,3.15
2981,2022,2022-08-20,1845,German Bundesliga,Bayer Leverkusen,TSG Hoffenheim,77.22,65.52,0.6041,0.1804,0.2155,2.11,1.07,56.2,31.2,0.0,3.0,1.15,1.14,1.6,1.65,0.0,2.95
2982,2022,2022-08-20,1845,German Bundesliga,VfB Stuttgart,SC Freiburg,65.19,69.74,0.3812,0.3526,0.2661,1.44,1.37,25.9,41.8,0.0,1.0,0.97,0.87,2.31,0.66,0.0,1.05
2983,2022,2022-08-20,1845,German Bundesliga,VfL Wolfsburg,Schalke 04,67.61,58.53,0.5311,0.2065,0.2624,1.62,0.9,26.3,34.6,0.0,0.0,1.42,1.13,2.52,0.39,0.0,0.0
2994,2022,2022-08-20,2411,Barclays Premier League,Fulham,Brentford,60.92,70.23,0.3383,0.3951,0.2666,1.2,1.32,37.0,22.8,3.0,2.0,2.61,1.59,1.44,1.67,3.15,2.1
2995,2022,2022-08-20,2411,Barclays Premier League,Everton,Nottingham Forest,63.52,56.06,0.5138,0.2311,0.2551,1.54,0.94,40.3,44.0,1.0,1.0,1.51,1.02,1.05,0.63,1.05,1.05
2997,2022,2022-08-20,2411,Barclays Premier League,Crystal Palace,Aston Villa,71.02,73.56,0.3844,0.3461,0.2696,1.28,1.2,19.0,31.2,3.0,1.0,3.31,0.96,1.44,0.92,3.13,1.05
3005,2022,2022-08-20,2411,Barclays Premier League,Leicester City,Southampton,69.64,60.47,0.5274,0.2426,0.23,1.8,1.15,20.7,33.6,1.0,2.0,0.25,1.53,0.81,1.51,1.05,2.1
3029,2022,2022-08-20,1843,French Ligue 1,AS Monaco,Lens,72.84,66.1,0.5524,0.2142,0.2334,1.84,1.06,62.6,38.5,1.0,4.0,2.58,2.29,1.8,1.04,1.05,3.84
3032,2022,2022-08-20,1869,Spanish Primera Division,Osasuna,Cadiz,64.11,61.47,0.4575,0.2568,0.2856,1.42,0.99,26.2,32.0,2.0,0.0,3.03,1.04,1.81,0.43,1.7,0.0
3040,2022,2022-08-20,1854,Italy Serie A,Torino,Lazio,63.47,69.11,0.3381,0.3936,0.2683,1.28,1.4,30.1,50.4,0.0,0.0,0.93,0.77,0.84,1.16,0.0,0.0
3041,2022,2022-08-20,2411,Barclays Premier League,AFC Bournemouth,Arsenal,58.42,79.94,0.1899,0.5812,0.2289,0.92,1.79,37.5,58.3,0.0,3.0,0.22,1.76,1.02,1.36,0.0,3.15
3042,2022,2022-08-20,1845,German Bundesliga,1. FC Union Berlin,RB Leipzig,71.14,79.96,0.3187,0.4039,0.2774,1.2,1.39,49.3,64.4,2.0,1.0,0.63,1.08,0.4,1.66,2.1,1.05
3043,2022,2022-08-20,1854,Italy Serie A,Udinese,Salernitana,58.18,46.01,0.5375,0.2187,0.2437,1.76,1.03,26.5,43.0,0.0,0.0,1.37,1.8,1.83,1.24,0.0,0.0
3059,2022,2022-08-20,1869,Spanish Primera Division,Mallorca,Real Betis,57.61,72.24,0.2885,0.4354,0.2761,1.15,1.47,38.2,41.4,1.0,2.0,1.43,2.25,0.87,0.59,1.05,2.1
3064,2022,2022-08-20,1854,Italy Serie A,Sassuolo,Lecce,59.94,50.37,0.5239,0.2328,0.2434,1.76,1.1,20.8,36.8,1.0,0.0,0.83,0.78,1.08,0.93,1.05,0.0
3069,2022,2022-08-20,1854,Italy Serie A,Internazionale,Spezia,82.19,48.28,0.8211,0.0516,0.1272,2.68,0.54,75.8,29.1,3.0,0.0,2.6,0.47,2.4,0.68,2.86,0.0
3071,2022,2022-08-20,1843,French Ligue 1,Marseille,Nantes,68.97,58.15,0.5797,0.1845,0.2358,1.79,0.9,42.5,25.2,2.0,1.0,1.5,2.37,1.68,1.2,2.1,0.84
3075,2022,2022-08-20,1869,Spanish Primera Division,Celta Vigo,Real Madrid,68.19,86.5,0.1894,0.5899,0.2207,1.11,2.1,29.9,74.2,1.0,4.0,1.35,3.56,1.52,0.69,1.05,4.2
3110,2022,2022-08-21,1843,French Ligue 1,Strasbourg,Reims,67.16,56.12,0.5587,0.1961,0.2452,1.7,0.9,29.5,35.6,1.0,1.0,1.19,2.05,1.44,1.46,1.05,1.05
3119,2022,2022-08-21,1843,French Ligue 1,Montpellier,Auxerre,53.1,50.58,0.481,0.2694,0.2496,1.65,1.18,43.1,41.7,1.0,2.0,0.8,1.14,1.69,0.49,1.05,2.1
3120,2022,2022-08-21,1843,French Ligue 1,Clermont Foot,Nice,51.9,63.79,0.3432,0.3869,0.2699,1.25,1.35,36.0,20.5,1.0,0.0,0.78,1.96,0.62,1.21,1.05,0.0
3121,2022,2022-08-21,1843,French Ligue 1,Angers,Brest,57.05,54.77,0.4637,0.2728,0.2635,1.51,1.09,36.6,36.3,1.0,3.0,1.16,2.17,0.53,1.13,1.05,2.73
3122,2022,2022-08-21,2411,Barclays Premier League,Leeds United,Chelsea,62.13,85.83,0.1707,0.6234,0.206,0.96,2.04,31.2,54.7,3.0,0.0,2.09,0.73,0.83,1.25,3.15,0.0
3124,2022,2022-08-21,1843,French Ligue 1,Toulouse,Lorient,55.27,54.58,0.456,0.2654,0.2786,1.38,0.99,36.8,35.4,2.0,2.0,2.82,3.27,1.93,0.98,2.1,2.1
3125,2022,2022-08-21,2411,Barclays Premier League,West Ham United,Brighton and Hove Albion,69.47,74.79,0.3639,0.3697,0.2663,1.26,1.27,24.3,38.4,0.0,2.0,0.79,1.69,1.42,0.95,0.0,2.1
3128,2022,2022-08-21,1845,German Bundesliga,Eintracht Frankfurt,FC Cologne,66.4,70.19,0.3822,0.3466,0.2712,1.4,1.32,25.3,47.2,1.0,1.0,0.51,0.28,1.55,0.74,1.05,1.05
3138,2022,2022-08-21,1843,French Ligue 1,Stade Rennes,AC Ajaccio,70.73,51.82,0.6584,0.1331,0.2085,2.0,0.77,41.9,36.4,2.0,1.0,1.01,1.48,1.28,0.75,2.1,1.05
3139,2022,2022-08-21,1845,German Bundesliga,VfL Bochum,Bayern Munich,59.7,92.31,0.0925,0.7593,0.1482,0.9,2.8,35.0,50.1,0.0,7.0,0.92,3.99,1.09,2.77,0.0,7.2
3144,2022,2022-08-21,2411,Barclays Premier League,Newcastle,Manchester City,70.07,92.86,0.12,0.6966,0.1834,0.78,2.19,25.8,67.6,3.0,3.0,2.13,4.12,1.43,2.12,3.15,3.15
3145,2022,2022-08-21,1869,Spanish Primera Division,Athletic Bilbao,Valencia,72.47,68.54,0.4836,0.2315,0.2849,1.44,0.91,36.7,31.9,1.0,0.0,0.75,0.97,1.12,2.02,1.05,0.0
3153,2022,2022-08-21,1854,Italy Serie A,Napoli,Monza,76.49,52.08,0.7164,0.0989,0.1847,2.19,0.67,62.3,28.9,4.0,0.0,3.29,0.16,1.99,0.37,3.68,0.0
3155,2022,2022-08-21,1854,Italy Serie A,Empoli,Fiorentina,49.92,67.19,0.2523,0.499,0.2487,1.14,1.7,34.8,44.0,0.0,0.0,0.74,1.07,0.55,1.72,0.0,0.0
3162,2022,2022-08-21,1869,Spanish Primera Division,Atletico Madrid,Villarreal,81.15,77.97,0.4833,0.2562,0.2604,1.65,1.14,65.4,62.5,0.0,2.0,2.08,2.37,1.42,0.99,0.0,1.47
3167,2022,2022-08-21,1843,French Ligue 1,Lille,Paris Saint-Germain,69.73,89.37,0.1953,0.5936,0.2111,1.13,2.11,51.5,61.3,1.0,7.0,1.75,4.41,1.02,3.49,1.05,6.92
3169,2022,2022-08-21,1854,Italy Serie A,Atalanta,AC Milan,73.34,77.99,0.3748,0.363,0.2623,1.41,1.38,68.4,61.0,1.0,1.0,0.49,1.68,0.86,1.7,1.05,1.05
3172,2022,2022-08-21,1854,Italy Serie A,Bologna,Verona,56.85,59.75,0.3958,0.3371,0.2671,1.41,1.28,27.0,18.2,1.0,1.0,1.13,2.43,1.14,1.45,1.05,1.05
3180,2022,2022-08-21,1869,Spanish Primera Division,Real Sociedad,Barcelona,75.99,84.12,0.3282,0.399,0.2728,1.28,1.44,58.0,60.3,1.0,4.0,0.76,2.12,0.87,2.02,1.05,3.99
3197,2022,2022-08-22,1854,Italy Serie A,AS Roma,Cremonese,73.45,49.24,0.6903,0.101,0.2087,1.93,0.58,61.1,33.3,1.0,0.0,3.43,0.69,2.2,1.21,1.05,0.0
3203,2022,2022-08-22,1869,Spanish Primera Division,Elche,Almeria,57.96,59.96,0.4226,0.2957,0.2816,1.41,1.13,39.2,33.0,1.0,1.0,1.02,1.0,1.41,1.13,1.05,1.05
3205,2022,2022-08-22,1854,Italy Serie A,Sampdoria,Juventus,52.7,70.3,0.2378,0.5059,0.2563,1.03,1.63,34.3,49.6,0.0,0.0,0.87,0.55,0.62,0.65,0.0,0.0
3207,2022,2022-08-22,2411,Barclays Premier League,Manchester United,Liverpool,73.33,89.33,0.2159,0.5746,0.2094,1.19,2.06,32.0,47.5,2.0,1.0,1.59,1.66,1.57,3.07,2.1,1.05
3211,2022,2022-08-22,1869,Spanish Primera Division,Girona FC,Getafe,58.18,64.89,0.3838,0.3076,0.3085,1.18,1.02,39.7,32.1,3.0,1.0,1.48,0.79,1.44,0.44,3.15,1.05
3239,2022,2022-08-26,1854,Italy Serie A,Monza,Udinese,50.63,57.58,0.3609,0.3674,0.2717,1.31,1.32,40.5,22.5,1.0,2.0,1.04,2.27,1.18,2.02,1.05,2.1
3242,2022,2022-08-26,1869,Spanish Primera Division,Girona FC,Celta Vigo,59.52,67.79,0.3658,0.3494,0.2848,1.29,1.25,34.9,22.0,0.0,1.0,0.69,0.73,1.17,0.8,0.0,1.05
3246,2022,2022-08-26,1845,German Bundesliga,SC Freiburg,VfL Bochum,69.72,58.01,0.5701,0.1899,0.24,1.83,0.95,38.7,40.2,1.0,0.0,5.78,1.13,1.73,1.9,1.05,0.0
3248,2022,2022-08-26,1854,Italy Serie A,Lazio,Internazionale,69.23,82.34,0.2638,0.4998,0.2363,1.28,1.84,55.8,67.3,3.0,1.0,1.04,1.88,1.14,2.48,2.74,1.05
3251,2022,2022-08-26,1843,French Ligue 1,AC Ajaccio,Lille,52.79,67.85,0.2933,0.4407,0.266,1.14,1.46,39.4,39.8,1.0,3.0,0.64,1.89,0.86,0.73,1.05,3.15
3254,2022,2022-08-26,1869,Spanish Primera Division,Real Betis,Osasuna,72.41,65.55,0.5371,0.2001,0.2627,1.64,0.89,47.3,27.6,1.0,0.0,0.43,0.92,0.83,1.31,1.05,0.0
3270,2022,2022-08-27,2411,Barclays Premier League,Southampton,Manchester United,62.32,74.01,0.3121,0.4513,0.2366,1.36,1.68,29.7,28.4,0.0,1.0,1.59,2.33,2.18,1.42,0.0,1.05
3276,2022,2022-08-27,1845,German Bundesliga,RB Leipzig,VfL Wolfsburg,80.05,67.92,0.6255,0.1495,0.225,1.93,0.82,65.9,31.0,2.0,0.0,3.63,0.63,1.47,0.94,1.58,0.0
3277,2022,2022-08-27,1845,German Bundesliga,Schalke 04,1. FC Union Berlin,58.47,71.1,0.3077,0.3957,0.2966,1.06,1.24,38.9,47.7,1.0,6.0,1.89,0.95,1.79,1.33,1.05,5.34
3278,2022,2022-08-27,1845,German Bundesliga,TSG Hoffenheim,FC Augsburg,67.59,57.96,0.5619,0.2026,0.2355,1.89,1.04,37.0,35.9,1.0,0.0,1.93,0.59,1.48,1.02,1.05,0.0
3279,2022,2022-08-27,1845,German Bundesliga,Hertha Berlin,Borussia Dortmund,59.23,78.59,0.2227,0.536,0.2413,1.1,1.84,39.9,60.9,0.0,1.0,0.5,2.92,0.95,2.15,0.0,1.05
3280,2022,2022-08-27,1845,German Bundesliga,Mainz,Bayer Leverkusen,70.65,75.45,0.3869,0.3413,0.2718,1.4,1.3,53.0,47.7,0.0,3.0,1.73,1.26,1.12,0.86,0.0,3.15
3283,2022,2022-08-27,2411,Barclays Premier League,Chelsea,Leicester City,83.97,68.04,0.6671,0.137,0.1959,2.08,0.82,59.6,23.3,2.0,1.0,1.68,2.22,0.66,1.89,2.1,0.84
3285,2022,2022-08-27,2411,Barclays Premier League,Brighton and Hove Albion,Leeds United,75.7,64.77,0.5646,0.2017,0.2337,1.75,0.94,39.2,21.3,1.0,0.0,1.71,1.2,1.43,0.72,1.05,0.0
3286,2022,2022-08-27,2411,Barclays Premier League,Brentford,Everton,68.85,63.29,0.4908,0.2652,0.244,1.64,1.14,22.1,36.4,1.0,1.0,2.37,1.68,2.01,1.31,1.05,1.05
3290,2022,2022-08-27,2411,Barclays Premier League,Liverpool,AFC Bournemouth,88.83,57.47,0.8292,0.0477,0.1231,2.59,0.47,59.7,40.8,9.0,0.0,4.47,0.25,2.85,0.61,8.82,0.0
3297,2022,2022-08-27,2411,Barclays Premier League,Manchester City,Crystal Palace,92.0,72.54,0.7715,0.0789,0.1496,2.46,0.65,78.4,36.0,4.0,2.0,2.29,0.08,2.87,0.13,3.92,2.1
3328,2022,2022-08-27,1843,French Ligue 1,Auxerre,Strasbourg,51.23,65.89,0.3181,0.4189,0.263,1.24,1.46,43.0,24.0,1.0,0.0,0.7,1.56,0.54,2.33,1.05,0.0
3333,2022,2022-08-27,1869,Spanish Primera Division,Elche,Real Sociedad,57.82,74.41,0.2692,0.454,0.2768,1.08,1.48,38.4,41.7,0.0,1.0,0.89,1.74,0.58,1.03,0.0,1.05
3341,2022,2022-08-27,1854,Italy Serie A,Juventus,AS Roma,70.03,73.6,0.3711,0.3461,0.2828,1.25,1.2,54.2,61.3,1.0,1.0,0.55,1.08,0.59,0.58,1.05,1.05
3342,2022,2022-08-27,1854,Italy Serie A,Cremonese,Torino,49.0,63.57,0.2917,0.4209,0.2874,1.04,1.3,40.0,26.7,1.0,2.0,0.92,2.53,1.67,1.68,1.05,2.1
3343,2022,2022-08-27,2411,Barclays Premier League,Arsenal,Fulham,80.82,61.59,0.6924,0.1164,0.1912,2.07,0.71,60.5,29.2,2.0,1.0,2.32,0.84,2.42,0.95,2.1,1.05
3344,2022,2022-08-27,1845,German Bundesliga,Bayern Munich,Borussia Monchengladbach,92.96,70.26,0.7973,0.0741,0.1285,3.03,0.86,59.0,53.2,1.0,1.0,3.84,0.57,5.06,0.26,1.05,1.05
3360,2022,2022-08-27,1869,Spanish Primera Division,Rayo Vallecano,Mallorca,65.47,57.37,0.5022,0.2222,0.2757,1.52,0.92,22.3,38.2,0.0,2.0,0.87,0.75,1.65,0.47,0.0,2.1
3371,2022,2022-08-27,1854,Italy Serie A,Spezia,Sassuolo,48.11,59.96,0.3137,0.4335,0.2527,1.33,1.6,36.0,19.0,2.0,2.0,1.23,3.39,1.13,3.06,2.1,2.1
3373,2022,2022-08-27,1854,Italy Serie A,AC Milan,Bologna,78.65,56.08,0.6987,0.1028,0.1984,2.04,0.63,59.4,23.1,2.0,0.0,2.99,0.57,1.99,0.82,2.1,0.0
3375,2022,2022-08-27,1843,French Ligue 1,Lens,Stade Rennes,67.52,69.84,0.4221,0.324,0.2539,1.54,1.32,50.6,51.8,2.0,1.0,1.13,0.94,0.75,1.04,2.1,1.05
3381,2022,2022-08-27,1869,Spanish Primera Division,Almeria,Sevilla FC,60.25,71.35,0.3364,0.3741,0.2895,1.19,1.28,34.5,25.4,2.0,1.0,2.19,1.48,0.52,1.51,2.1,1.05
3415,2022,2022-08-28,1843,French Ligue 1,Nantes,Toulouse,58.87,54.69,0.4881,0.2605,0.2514,1.64,1.13,32.8,37.3,3.0,1.0,2.1,0.57,1.57,0.88,3.15,1.05
3427,2022,2022-08-28,1843,French Ligue 1,Brest,Montpellier,56.55,52.55,0.4836,0.2719,0.2446,1.71,1.22,31.8,42.2,0.0,7.0,0.26,2.08,0.72,1.15,0.0,6.65
3428,2022,2022-08-28,2411,Barclays Premier League,Wolverhampton,Newcastle,68.06,71.11,0.3969,0.3303,0.2728,1.28,1.14,29.0,21.7,1.0,1.0,1.11,2.08,0.85,2.36,1.05,1.05
3430,2022,2022-08-28,1843,French Ligue 1,Troyes,Angers,51.49,55.25,0.415,0.3083,0.2767,1.35,1.12,46.5,40.2,3.0,1.0,2.36,0.87,1.7,1.18,2.49,1.05
3432,2022,2022-08-28,1843,French Ligue 1,Nice,Marseille,64.13,68.22,0.3706,0.3562,0.2732,1.29,1.26,20.5,52.9,0.0,3.0,0.74,1.51,1.02,1.26,0.0,3.15
3433,2022,2022-08-28,1843,French Ligue 1,Lorient,Clermont Foot,54.62,51.71,0.4719,0.2587,0.2693,1.47,1.01,36.6,36.1,2.0,1.0,2.68,0.49,1.95,1.49,2.1,1.05
3434,2022,2022-08-28,2411,Barclays Premier League,Aston Villa,West Ham United,71.63,68.56,0.4656,0.2832,0.2512,1.55,1.15,20.4,28.4,0.0,1.0,0.37,0.38,0.71,0.88,0.0,1.05
3436,2022,2022-08-28,1845,German Bundesliga,FC Cologne,VfB Stuttgart,70.09,65.46,0.5122,0.2293,0.2585,1.65,1.02,42.0,24.0,0.0,0.0,0.45,2.07,1.15,1.09,0.0,0.0
3448,2022,2022-08-28,1843,French Ligue 1,Reims,Lyon,57.42,72.08,0.2811,0.4764,0.2426,1.27,1.72,34.7,51.8,1.0,1.0,0.62,1.81,0.58,2.62,1.05,0.84
3449,2022,2022-08-28,1869,Spanish Primera Division,Getafe,Villarreal,63.33,78.84,0.2414,0.487,0.2716,1.01,1.55,32.7,56.8,0.0,0.0,0.27,1.36,0.33,1.01,0.0,0.0
3451,2022,2022-08-28,2411,Barclays Premier League,Nottingham Forest,Tottenham Hotspur,56.48,81.93,0.1604,0.6326,0.207,0.89,2.0,41.7,59.0,0.0,2.0,0.88,2.52,1.62,1.18,0.0,1.82
3454,2022,2022-08-28,1845,German Bundesliga,Werder Bremen,Eintracht Frankfurt,63.1,66.79,0.3981,0.315,0.2869,1.31,1.13,22.6,24.3,3.0,4.0,1.82,1.9,1.22,1.04,3.15,4.2
3466,2022,2022-08-28,1854,Italy Serie A,Salernitana,Sampdoria,46.79,53.37,0.3631,0.3513,0.2856,1.22,1.19,44.4,35.8,4.0,0.0,1.62,1.62,1.05,1.62,4.05,0.0
3467,2022,2022-08-28,1854,Italy Serie A,Verona,Atalanta,60.52,72.63,0.2726,0.4806,0.2468,1.23,1.71,21.9,57.1,0.0,1.0,0.48,0.71,0.95,1.35,0.0,1.05
3473,2022,2022-08-28,1869,Spanish Primera Division,Barcelona,Real Valladolid,85.27,58.7,0.7758,0.0669,0.1572,2.44,0.57,57.0,32.3,4.0,0.0,3.06,0.85,3.55,0.65,3.68,0.0
3478,2022,2022-08-28,1854,Italy Serie A,Fiorentina,Napoli,67.55,77.69,0.297,0.4472,0.2558,1.25,1.59,45.3,59.3,0.0,0.0,0.4,1.75,0.72,1.22,0.0,0.0
3480,2022,2022-08-28,1854,Italy Serie A,Lecce,Empoli,50.68,49.88,0.416,0.2996,0.2844,1.32,1.07,43.2,41.8,1.0,1.0,0.88,0.39,0.83,0.39,1.05,1.05
3485,2022,2022-08-28,1843,French Ligue 1,Paris Saint-Germain,AS Monaco,90.43,71.37,0.7434,0.1074,0.1493,2.81,1.01,52.8,50.0,1.0,1.0,3.35,0.27,1.78,0.76,1.05,1.05
3493,2022,2022-08-28,1869,Spanish Primera Division,Espanyol,Real Madrid,59.5,86.66,0.1316,0.682,0.1864,0.97,2.42,34.1,71.8,1.0,3.0,1.71,2.0,1.25,1.92,1.05,2.52
3512,2022,2022-08-29,1869,Spanish Primera Division,Cadiz,Athletic Bilbao,59.9,71.92,0.3208,0.3865,0.2926,1.14,1.28,39.1,34.9,0.0,4.0,0.27,2.96,0.38,1.61,0.0,3.47
3518,2022,2022-08-29,1869,Spanish Primera Division,Valencia,Atletico Madrid,69.23,80.34,0.2858,0.4302,0.2841,1.09,1.4,34.9,60.8,0.0,1.0,0.72,2.24,1.09,0.87,0.0,1.05
3522,2022,2022-08-30,1854,Italy Serie A,Sassuolo,AC Milan,60.84,79.08,0.2189,0.553,0.2282,1.14,1.94,24.3,55.4,0.0,0.0,1.06,0.62,0.47,1.24,0.0,0.0
3523,2022,2022-08-30,2411,Barclays Premier League,Crystal Palace,Brentford,72.21,68.71,0.4699,0.2805,0.2496,1.57,1.15,22.5,17.9,1.0,1.0,0.67,1.74,0.72,1.61,1.05,1.05
3524,2022,2022-08-30,2411,Barclays Premier League,Fulham,Brighton and Hove Albion,61.65,75.83,0.2772,0.4575,0.2654,1.04,1.42,33.4,44.1,2.0,1.0,0.87,1.74,0.71,0.94,2.1,1.05
3526,2022,2022-08-30,1854,Italy Serie A,Internazionale,Cremonese,82.0,48.23,0.8022,0.0612,0.1367,2.63,0.59,59.9,40.3,3.0,1.0,2.69,1.52,1.75,1.45,3.02,1.05
3532,2022,2022-08-30,1854,Italy Serie A,AS Roma,Monza,73.91,49.39,0.6879,0.1018,0.2103,1.92,0.58,59.1,36.8,3.0,0.0,2.69,0.8,1.54,1.67,3.15,0.0
3537,2022,2022-08-30,2411,Barclays Premier League,Southampton,Chelsea,62.31,82.74,0.2014,0.5805,0.2181,1.04,1.93,34.4,61.0,2.0,1.0,1.44,1.46,0.92,1.33,2.1,1.05
3545,2022,2022-08-30,2411,Barclays Premier League,Leeds United,Everton,64.87,63.27,0.4495,0.3009,0.2496,1.54,1.22,25.3,35.4,1.0,1.0,1.23,0.82,1.43,0.43,1.05,1.05
3549,2022,2022-08-31,1854,Italy Serie A,Empoli,Verona,49.95,60.35,0.3363,0.3947,0.269,1.27,1.39,40.5,18.3,1.0,1.0,0.78,0.59,1.75,1.34,1.05,1.05
3550,2022,2022-08-31,1854,Italy Serie A,Sampdoria,Lazio,51.71,69.66,0.233,0.5175,0.2494,1.06,1.7,35.6,52.1,1.0,1.0,1.01,1.62,1.16,1.61,1.05,1.05
3551,2022,2022-08-31,1854,Italy Serie A,Udinese,Fiorentina,58.69,67.14,0.3242,0.4097,0.2661,1.26,1.44,17.7,36.8,1.0,0.0,0.8,0.55,1.04,1.31,1.05,0.0
3553,2022,2022-08-31,1843,French Ligue 1,Angers,Reims,53.99,56.77,0.4184,0.3062,0.2754,1.36,1.12,45.2,42.1,2.0,4.0,1.46,2.26,0.62,0.57,1.89,3.69
3555,2022,2022-08-31,1843,French Ligue 1,Montpellier,AC Ajaccio,56.29,51.91,0.4949,0.251,0.2541,1.61,1.08,36.6,43.3,2.0,0.0,1.39,1.0,0.73,1.89,1.92,0.0
3556,2022,2022-08-31,1843,French Ligue 1,Strasbourg,Nantes,66.41,59.87,0.5156,0.2337,0.2508,1.65,1.03,22.0,22.8,1.0,1.0,0.27,0.65,1.11,0.94,1.05,1.05
3557,2022,2022-08-31,1843,French Ligue 1,Lyon,Auxerre,72.73,50.82,0.7027,0.1144,0.1829,2.26,0.79,52.0,36.2,2.0,1.0,3.14,0.48,1.81,0.78,2.07,1.05
3559,2022,2022-08-31,1843,French Ligue 1,AS Monaco,Troyes,71.51,52.55,0.6665,0.1368,0.1967,2.16,0.86,50.6,41.8,2.0,4.0,1.99,2.43,2.08,1.68,2.1,3.41
3560,2022,2022-08-31,2411,Barclays Premier League,AFC Bournemouth,Wolverhampton,54.75,66.89,0.316,0.4053,0.2786,1.07,1.26,44.3,35.8,0.0,0.0,0.37,1.63,0.95,2.23,0.0,0.0
3562,2022,2022-08-31,2411,Barclays Premier League,Manchester City,Nottingham Forest,92.1,56.56,0.8898,0.0256,0.0846,3.0,0.38,82.8,43.2,6.0,0.0,3.59,0.85,2.11,0.59,5.86,0.0
3563,2022,2022-08-31,2411,Barclays Premier League,Arsenal,Aston Villa,80.63,71.11,0.6006,0.1801,0.2193,1.89,0.92,62.5,18.9,2.0,1.0,2.93,0.27,2.37,0.39,2.1,1.05
3564,2022,2022-08-31,1854,Italy Serie A,Napoli,Lecce,78.16,50.91,0.7407,0.0783,0.1811,2.13,0.53,67.0,34.5,1.0,1.0,2.1,1.07,0.97,0.47,1.05,1.05
3565,2022,2022-08-31,1854,Italy Serie A,Juventus,Spezia,69.79,46.93,0.6571,0.1278,0.2151,1.94,0.72,42.3,36.3,2.0,0.0,1.65,0.17,1.22,0.57,1.58,0.0
3568,2022,2022-08-31,2411,Barclays Premier League,West Ham United,Tottenham Hotspur,69.66,81.93,0.2514,0.5108,0.2378,1.13,1.71,23.0,63.7,1.0,1.0,1.3,0.72,0.68,0.92,1.05,1.05
3571,2022,2022-08-31,1843,French Ligue 1,Toulouse,Paris Saint-Germain,53.61,90.35,0.0861,0.7802,0.1337,0.92,2.94,35.0,42.3,0.0,3.0,0.52,4.21,0.86,3.5,0.0,2.63
3572,2022,2022-08-31,2411,Barclays Premier League,Liverpool,Newcastle,90.03,72.1,0.7187,0.1121,0.1691,2.36,0.82,49.1,36.3,2.0,1.0,1.58,0.62,2.99,0.75,2.1,1.05
3574,2022,2022-08-31,1843,French Ligue 1,Marseille,Clermont Foot,69.78,50.68,0.6644,0.129,0.2066,2.01,0.75,53.4,36.0,1.0,0.0,3.13,0.2,2.02,0.5,1.05,0.0
3576,2022,2022-08-31,1843,French Ligue 1,Lille,Nice,68.67,62.51,0.5383,0.2099,0.2517,1.65,0.93,49.0,24.7,1.0,2.0,1.06,1.54,1.47,0.65,1.05,2.1
3577,2022,2022-08-31,1843,French Ligue 1,Stade Rennes,Brest,69.78,52.63,0.6313,0.1613,0.2074,2.09,0.95,34.2,38.4,3.0,1.0,1.57,0.29,1.92,0.37,2.63,1.05
3578,2022,2022-08-31,1843,French Ligue 1,Lens,Lorient,67.63,55.43,0.5976,0.1683,0.2341,1.79,0.83,47.0,26.1,5.0,2.0,2.8,1.32,2.67,1.11,4.67,2.1
3597,2022,2022-09-01,1854,Italy Serie A,Bologna,Salernitana,55.51,48.1,0.4889,0.2477,0.2635,1.55,1.03,34.1,37.6,1.0,1.0,2.03,1.43,0.84,1.9,1.05,1.05
3598,2022,2022-09-01,1854,Italy Serie A,Atalanta,Torino,72.97,64.04,0.5385,0.2052,0.2563,1.63,0.9,63.6,44.7,3.0,1.0,3.16,0.48,0.68,1.54,2.79,1.05
3599,2022,2022-09-01,2411,Barclays Premier League,Leicester City,Manchester United,69.54,74.09,0.3765,0.3826,0.241,1.5,1.51,26.5,36.8,0.0,1.0,0.67,0.98,0.68,1.21,0.0,1.05
3612,2022,2022-09-02,1845,German Bundesliga,Borussia Dortmund,TSG Hoffenheim,79.51,67.95,0.6074,0.1806,0.2119,2.16,1.1,68.2,49.9,1.0,0.0,2.49,0.43,1.43,0.67,1.05,0.0
3622,2022,2022-09-02,1869,Spanish Primera Division,Celta Vigo,Cadiz,68.41,57.04,0.5386,0.196,0.2654,1.61,0.86,21.5,39.8,3.0,0.0,1.3,0.35,1.0,1.01,3.03,0.0
3641,2022,2022-09-03,2411,Barclays Premier League,Everton,Liverpool,63.25,89.99,0.1312,0.6942,0.1746,0.93,2.37,36.7,44.5,0.0,0.0,1.38,1.58,0.99,2.27,0.0,0.0
3650,2022,2022-09-03,1869,Spanish Primera Division,Mallorca,Girona FC,58.5,59.3,0.432,0.2807,0.2873,1.38,1.06,37.7,36.1,1.0,1.0,1.2,1.19,1.12,0.93,1.05,1.05
3654,2022,2022-09-03,1854,Italy Serie A,Fiorentina,Juventus,66.76,70.14,0.3641,0.3469,0.2889,1.2,1.16,35.0,50.0,1.0,1.0,1.97,0.85,1.79,0.43,1.05,1.05
3656,2022,2022-09-03,1845,German Bundesliga,VfL Bochum,Werder Bremen,56.87,62.25,0.4101,0.3174,0.2725,1.44,1.23,45.7,28.3,0.0,2.0,1.32,2.09,1.8,1.42,0.0,1.58
3657,2022,2022-09-03,1845,German Bundesliga,Bayer Leverkusen,SC Freiburg,76.36,70.47,0.515,0.2405,0.2445,1.8,1.16,53.1,57.8,2.0,3.0,1.84,1.9,1.32,0.81,2.1,3.15
3658,2022,2022-09-03,1845,German Bundesliga,1. FC Union Berlin,Bayern Munich,71.44,93.17,0.1556,0.6475,0.1969,1.05,2.32,59.3,56.7,1.0,1.0,0.39,1.61,0.57,3.08,1.05,1.05
3659,2022,2022-09-03,1845,German Bundesliga,VfL Wolfsburg,FC Cologne,67.28,69.03,0.4118,0.3091,0.2791,1.39,1.17,24.5,35.6,2.0,4.0,1.17,3.12,1.64,1.75,2.1,3.93
3660,2022,2022-09-03,1845,German Bundesliga,VfB Stuttgart,Schalke 04,66.87,57.41,0.5237,0.2136,0.2628,1.61,0.93,24.7,41.5,1.0,1.0,0.72,2.27,1.24,1.75,1.05,1.05
3666,2022,2022-09-03,2411,Barclays Premier League,Nottingham Forest,AFC Bournemouth,56.03,53.98,0.451,0.27,0.279,1.31,0.95,48.5,47.1,2.0,3.0,1.43,0.91,1.07,1.11,2.1,3.15
3667,2022,2022-09-03,2411,Barclays Premier League,Wolverhampton,Southampton,67.98,63.48,0.4699,0.2715,0.2586,1.48,1.06,33.4,28.8,1.0,0.0,1.03,1.27,0.77,1.74,1.05,0.0
3668,2022,2022-09-03,2411,Barclays Premier League,Brentford,Leeds United,69.93,65.21,0.4907,0.2698,0.2395,1.68,1.19,18.9,20.9,5.0,2.0,2.68,1.66,0.87,2.03,4.48,2.1
3669,2022,2022-09-03,2411,Barclays Premier League,Tottenham Hotspur,Fulham,81.56,62.08,0.7058,0.1113,0.1829,2.16,0.72,65.4,26.7,2.0,1.0,3.55,0.41,2.47,0.42,1.99,1.05
3670,2022,2022-09-03,2411,Barclays Premier League,Newcastle,Crystal Palace,72.21,71.2,0.4491,0.2884,0.2626,1.43,1.09,24.1,21.8,0.0,0.0,3.09,0.97,2.57,0.98,0.0,0.0
3694,2022,2022-09-03,2411,Barclays Premier League,Chelsea,West Ham United,81.87,70.37,0.6172,0.1607,0.222,1.83,0.81,55.1,19.5,2.0,1.0,1.0,1.09,0.77,0.38,2.1,1.05
3705,2022,2022-09-03,1869,Spanish Primera Division,Real Madrid,Real Betis,86.17,71.87,0.6689,0.1359,0.1952,2.31,0.94,68.5,52.7,2.0,1.0,2.95,0.33,3.02,0.68,2.1,1.05
3714,2022,2022-09-03,1843,French Ligue 1,Auxerre,Marseille,50.72,70.54,0.2422,0.5062,0.2516,1.06,1.64,39.6,54.5,0.0,2.0,0.75,1.7,0.44,1.54,0.0,1.75
3720,2022,2022-09-03,1854,Italy Serie A,AC Milan,Internazionale,78.9,81.0,0.3805,0.3597,0.2598,1.44,1.4,68.5,84.7,3.0,2.0,1.66,2.06,1.45,1.11,3.15,2.1
3728,2022,2022-09-03,1869,Spanish Primera Division,Real Sociedad,Atletico Madrid,75.11,80.91,0.3592,0.3522,0.2886,1.25,1.24,60.9,67.1,1.0,1.0,1.68,2.31,1.49,1.52,1.05,1.05
3729,2022,2022-09-03,1845,German Bundesliga,Eintracht Frankfurt,RB Leipzig,66.93,80.59,0.268,0.4772,0.2549,1.2,1.68,33.0,63.8,4.0,0.0,3.3,0.25,1.43,0.8,3.85,0.0
3730,2022,2022-09-03,2411,Barclays Premier League,Aston Villa,Manchester City,70.15,92.24,0.1268,0.7024,0.1708,0.93,2.41,21.4,68.2,1.0,1.0,0.24,2.17,0.37,1.99,1.05,1.05
3732,2022,2022-09-03,1843,French Ligue 1,Lyon,Angers,72.82,52.58,0.6836,0.1253,0.1911,2.19,0.82,58.6,46.8,5.0,0.0,1.5,0.73,1.07,0.66,4.79,0.0
3742,2022,2022-09-03,1854,Italy Serie A,Lazio,Napoli,69.42,77.16,0.3338,0.4112,0.255,1.37,1.54,62.8,66.1,1.0,2.0,0.35,2.16,0.68,1.8,1.05,2.1
3747,2022,2022-09-03,1843,French Ligue 1,Nantes,Paris Saint-Germain,60.68,90.85,0.1092,0.7342,0.1566,0.95,2.67,20.7,43.3,0.0,3.0,0.37,3.27,0.85,5.56,0.0,2.73
3748,2022,2022-09-03,1869,Spanish Primera Division,Sevilla FC,Barcelona,70.83,85.82,0.232,0.5145,0.2534,1.08,1.73,28.4,56.7,0.0,3.0,1.14,4.82,1.55,1.76,0.0,3.15
3776,2022,2022-09-04,1854,Italy Serie A,Cremonese,Sassuolo,49.43,61.3,0.3183,0.4304,0.2512,1.35,1.61,40.4,20.8,0.0,0.0,0.5,1.64,1.37,1.93,0.0,0.0
3778,2022,2022-09-04,1843,French Ligue 1,Montpellier,Lille,56.17,67.59,0.3308,0.4156,0.2535,1.35,1.54,26.0,30.4,1.0,3.0,0.39,1.28,0.17,2.7,1.05,2.31
3783,2022,2022-09-04,1869,Spanish Primera Division,Osasuna,Rayo Vallecano,66.46,64.57,0.455,0.2525,0.2925,1.37,0.94,21.3,20.9,2.0,1.0,3.04,0.16,1.45,0.44,2.1,1.05
3796,2022,2022-09-04,1843,French Ligue 1,Reims,Lens,57.93,68.14,0.3207,0.422,0.2572,1.29,1.51,28.5,52.7,1.0,1.0,1.7,2.07,1.74,1.85,0.84,1.05
3797,2022,2022-09-04,1843,French Ligue 1,Brest,Strasbourg,52.22,65.78,0.3335,0.4055,0.261,1.29,1.45,41.7,22.1,1.0,1.0,0.66,2.57,0.8,1.29,1.05,1.05
3798,2022,2022-09-04,1854,Italy Serie A,Spezia,Bologna,46.79,54.65,0.3492,0.3742,0.2767,1.24,1.3,42.9,34.5,2.0,2.0,1.2,0.77,1.33,0.83,2.1,2.1
3799,2022,2022-09-04,2411,Barclays Premier League,Brighton and Hove Albion,Leicester City,75.43,69.07,0.508,0.2404,0.2516,1.57,1.0,38.7,27.6,5.0,2.0,2.75,1.16,2.06,0.61,4.7,2.1
3800,2022,2022-09-04,1843,French Ligue 1,Clermont Foot,Toulouse,49.95,52.57,0.4217,0.3145,0.2637,1.46,1.22,43.9,40.7,2.0,0.0,1.42,1.5,0.82,1.66,1.58,0.0
3801,2022,2022-09-04,1843,French Ligue 1,AC Ajaccio,Lorient,52.11,54.49,0.4268,0.3,0.2731,1.39,1.12,43.5,32.6,0.0,1.0,0.65,0.61,1.72,0.47,0.0,1.05
3802,2022,2022-09-04,1845,German Bundesliga,FC Augsburg,Hertha Berlin,57.91,58.28,0.4422,0.2716,0.2862,1.38,1.02,44.2,41.8,0.0,2.0,0.23,2.55,0.86,1.53,0.0,1.58
3809,2022,2022-09-04,1869,Spanish Primera Division,Athletic Bilbao,Espanyol,74.37,60.18,0.5985,0.1521,0.2494,1.73,0.73,45.0,33.7,0.0,1.0,1.42,0.96,1.71,1.18,0.0,1.05
3817,2022,2022-09-04,1843,French Ligue 1,Troyes,Stade Rennes,54.63,70.22,0.2924,0.4593,0.2483,1.27,1.65,36.8,35.7,1.0,1.0,0.58,2.33,0.57,3.35,1.05,0.84
3818,2022,2022-09-04,2411,Barclays Premier League,Manchester United,Arsenal,74.96,81.4,0.3463,0.4107,0.243,1.41,1.55,48.7,60.8,3.0,1.0,2.06,1.59,1.01,1.82,3.02,1.05
3823,2022,2022-09-04,1845,German Bundesliga,Borussia Monchengladbach,Mainz,69.79,69.69,0.4653,0.2741,0.2606,1.61,1.18,49.1,41.7,0.0,1.0,1.69,0.66,1.44,1.05,0.0,0.84
3832,2022,2022-09-04,1854,Italy Serie A,Verona,Sampdoria,60.08,52.02,0.4928,0.2424,0.2647,1.54,1.0,24.1,36.2,2.0,1.0,1.99,0.97,1.27,1.31,2.1,1.05
3837,2022,2022-09-04,1869,Spanish Primera Division,Villarreal,Elche,79.39,57.35,0.7059,0.097,0.1971,2.11,0.63,58.0,40.9,4.0,0.0,4.4,0.3,1.04,0.47,3.2,0.0
3847,2022,2022-09-04,1854,Italy Serie A,Udinese,AS Roma,59.32,73.96,0.2508,0.4882,0.261,1.05,1.57,25.4,56.5,4.0,0.0,1.19,1.07,0.97,1.57,3.78,0.0
3848,2022,2022-09-04,1843,French Ligue 1,Nice,AS Monaco,63.6,69.33,0.3675,0.3786,0.2539,1.44,1.46,18.7,36.1,0.0,1.0,1.05,1.14,1.55,1.24,0.0,1.05
3852,2022,2022-09-04,1869,Spanish Primera Division,Valencia,Getafe,68.7,63.2,0.4846,0.2108,0.3046,1.31,0.76,20.8,31.1,5.0,1.0,2.48,0.56,1.58,0.71,5.25,1.05
3870,2022,2022-09-05,1854,Italy Serie A,Monza,Atalanta,49.16,73.35,0.1832,0.5866,0.2302,0.95,1.88,38.9,58.2,0.0,2.0,1.03,1.95,1.06,2.0,0.0,2.1
3871,2022,2022-09-05,1854,Italy Serie A,Salernitana,Empoli,48.9,50.34,0.408,0.3182,0.2739,1.38,1.19,38.9,37.7,2.0,2.0,1.81,0.99,0.97,0.71,2.1,2.1
3880,2022,2022-09-05,1854,Italy Serie A,Torino,Lecce,63.54,52.16,0.52,0.201,0.279,1.44,0.78,25.3,33.5,1.0,0.0,0.99,0.63,1.42,0.82,1.05,0.0
3884,2022,2022-09-05,1869,Spanish Primera Division,Real Valladolid,Almeria,57.69,60.62,0.419,0.3014,0.2796,1.42,1.16,42.5,31.5,1.0,0.0,1.86,0.6,1.64,1.05,1.05,0.0
3909,2022,2022-09-07,1843,French Ligue 1,Lorient,Lyon,54.35,71.36,0.2551,0.505,0.2399,1.19,1.77,29.2,50.8,3.0,1.0,1.5,2.45,0.69,3.08,3.15,1.05
3970,2022,2022-09-09,1845,German Bundesliga,Werder Bremen,FC Augsburg,63.23,55.54,0.5037,0.2286,0.2678,1.57,0.96,25.6,44.7,0.0,1.0,1.9,1.81,1.27,1.0,0.0,1.05
3973,2022,2022-09-09,1843,French Ligue 1,Lens,Troyes,68.1,53.44,0.6247,0.1625,0.2128,2.02,0.92,50.7,32.1,1.0,0.0,1.49,0.68,1.37,0.59,1.05,0.0
3975,2022,2022-09-09,1869,Spanish Primera Division,Girona FC,Real Valladolid,59.68,58.63,0.4477,0.2673,0.285,1.41,1.03,40.4,37.7,2.0,1.0,2.6,0.57,2.18,1.34,2.1,1.05
4004,2022,2022-09-10,1869,Spanish Primera Division,Rayo Vallecano,Valencia,63.01,70.4,0.3581,0.3478,0.294,1.21,1.19,28.0,27.7,2.0,1.0,1.8,2.2,1.32,1.86,2.1,1.05
4008,2022,2022-09-10,1854,Italy Serie A,Napoli,Spezia,79.79,47.21,0.7846,0.0671,0.1484,2.49,0.59,59.0,37.7,1.0,0.0,2.24,0.71,2.4,0.4,1.05,0.0
4013,2022,2022-09-10,1845,German Bundesliga,RB Leipzig,Borussia Dortmund,76.96,80.45,0.4043,0.3434,0.2523,1.61,1.47,61.8,60.4,3.0,0.0,1.51,0.46,1.57,1.36,2.79,0.0
4014,2022,2022-09-10,1845,German Bundesliga,Bayern Munich,VfB Stuttgart,93.71,65.2,0.8653,0.0359,0.0988,3.07,0.51,58.2,17.3,2.0,2.0,2.08,1.16,2.27,0.65,2.1,2.1
4015,2022,2022-09-10,1845,German Bundesliga,TSG Hoffenheim,Mainz,67.7,70.05,0.4273,0.3016,0.2712,1.47,1.2,45.5,48.4,4.0,1.0,4.73,1.24,2.59,1.14,2.74,1.05
4016,2022,2022-09-10,1845,German Bundesliga,Eintracht Frankfurt,VfL Wolfsburg,68.96,65.3,0.4964,0.2446,0.2589,1.64,1.08,39.0,26.5,0.0,1.0,0.63,1.06,1.41,0.86,0.0,1.05
4017,2022,2022-09-10,1845,German Bundesliga,Hertha Berlin,Bayer Leverkusen,60.67,75.3,0.2758,0.4561,0.2681,1.13,1.53,33.9,44.7,2.0,2.0,2.31,1.81,1.04,1.27,2.1,2.1
4028,2022,2022-09-10,1869,Spanish Primera Division,Espanyol,Sevilla FC,61.41,67.85,0.3793,0.3332,0.2875,1.3,1.2,31.5,22.9,2.0,3.0,2.39,2.27,1.71,1.13,2.1,3.15
4036,2022,2022-09-10,1843,French Ligue 1,Paris Saint-Germain,Brest,91.25,51.46,0.9016,0.0265,0.0719,3.5,0.53,48.5,40.8,1.0,0.0,2.5,1.34,2.15,0.51,1.05,0.0
4041,2022,2022-09-10,1854,Italy Serie A,Internazionale,Torino,79.94,63.73,0.6429,0.146,0.2111,2.03,0.85,62.9,37.7,1.0,0.0,1.5,0.56,1.99,0.55,1.05,0.0
4047,2022,2022-09-10,1869,Spanish Primera Division,Cadiz,Barcelona,56.37,87.18,0.1162,0.7003,0.1835,0.87,2.39,39.0,66.7,0.0,4.0,0.3,2.54,0.48,1.47,0.0,3.26
4049,2022,2022-09-10,1845,German Bundesliga,Schalke 04,VfL Bochum,59.05,55.84,0.4691,0.2644,0.2665,1.56,1.1,47.3,50.3,3.0,1.0,1.54,1.46,1.22,1.2,2.63,1.05
4070,2022,2022-09-10,1854,Italy Serie A,Sampdoria,AC Milan,51.84,79.59,0.1508,0.6217,0.2275,0.79,1.86,37.0,55.4,1.0,2.0,1.18,1.79,2.1,1.29,0.84,2.1
4074,2022,2022-09-10,1869,Spanish Primera Division,Atletico Madrid,Celta Vigo,80.46,69.16,0.605,0.1518,0.2432,1.78,0.76,66.7,38.0,4.0,1.0,0.78,1.65,0.89,1.25,3.89,1.05
4075,2022,2022-09-10,1843,French Ligue 1,Marseille,Lille,71.38,69.07,0.4861,0.2524,0.2615,1.54,1.04,64.5,48.8,2.0,1.0,2.35,0.93,1.42,0.69,2.1,1.05
4114,2022,2022-09-11,1854,Italy Serie A,Atalanta,Cremonese,73.8,49.09,0.7018,0.1064,0.1918,2.14,0.69,60.6,38.4,1.0,1.0,0.66,0.67,1.47,0.42,1.05,1.05
4115,2022,2022-09-11,1843,French Ligue 1,Strasbourg,Clermont Foot,66.55,49.97,0.6045,0.1608,0.2347,1.78,0.79,24.4,37.3,0.0,0.0,2.31,1.04,1.37,0.73,0.0,0.0
4121,2022,2022-09-11,1869,Spanish Primera Division,Real Madrid,Mallorca,87.29,58.25,0.8355,0.0472,0.1173,2.9,0.57,81.5,30.0,4.0,1.0,2.22,0.99,2.79,0.32,3.19,1.05
4130,2022,2022-09-11,1843,French Ligue 1,Lorient,Nantes,54.9,59.54,0.3965,0.335,0.2685,1.38,1.24,23.8,26.0,3.0,2.0,1.22,0.65,0.96,1.16,3.06,2.1
4131,2022,2022-09-11,1843,French Ligue 1,AC Ajaccio,Nice,51.99,63.47,0.3453,0.3665,0.2882,1.14,1.19,44.4,24.7,0.0,1.0,0.53,0.8,0.98,1.18,0.0,1.05
4133,2022,2022-09-11,1854,Italy Serie A,Sassuolo,Udinese,61.94,61.27,0.4274,0.3224,0.2502,1.62,1.38,20.4,30.8,1.0,3.0,0.28,2.16,0.66,2.52,1.05,2.1
4137,2022,2022-09-11,1843,French Ligue 1,Angers,Montpellier,51.88,54.61,0.4271,0.3118,0.2611,1.49,1.23,43.6,30.6,2.0,1.0,3.07,1.12,0.51,0.81,2.1,1.05
4138,2022,2022-09-11,1843,French Ligue 1,Toulouse,Reims,52.65,57.93,0.4056,0.3303,0.2642,1.43,1.26,45.1,33.7,1.0,0.0,2.05,0.56,0.97,0.95,1.05,0.0
4139,2022,2022-09-11,1854,Italy Serie A,Lecce,Monza,52.14,48.69,0.4326,0.2743,0.2931,1.28,0.96,42.5,46.6,1.0,1.0,1.51,0.1,1.01,0.51,1.05,1.05
4140,2022,2022-09-11,1854,Italy Serie A,Bologna,Fiorentina,54.14,67.75,0.2894,0.4383,0.2723,1.11,1.43,30.5,28.3,2.0,1.0,1.1,1.11,1.04,1.34,2.1,1.05
4142,2022,2022-09-11,1845,German Bundesliga,FC Cologne,1. FC Union Berlin,70.21,70.07,0.4529,0.2694,0.2777,1.45,1.05,52.9,52.5,0.0,1.0,0.97,1.47,1.36,1.44,0.0,1.05
4149,2022,2022-09-11,1869,Spanish Primera Division,Elche,Athletic Bilbao,56.07,73.37,0.275,0.437,0.288,1.04,1.38,44.5,36.1,1.0,4.0,0.86,3.53,1.19,1.49,1.05,4.2
4158,2022,2022-09-11,1843,French Ligue 1,Stade Rennes,Auxerre,71.26,49.82,0.6774,0.1224,0.2001,2.07,0.74,42.7,42.5,5.0,0.0,2.9,0.39,1.08,1.0,4.67,0.0
4161,2022,2022-09-11,1845,German Bundesliga,SC Freiburg,Borussia Monchengladbach,70.52,69.66,0.4687,0.2822,0.2491,1.73,1.29,63.9,49.8,0.0,0.0,1.04,1.47,2.19,1.29,0.0,0.0
4166,2022,2022-09-11,1854,Italy Serie A,Lazio,Verona,69.4,60.16,0.5587,0.2082,0.233,1.87,1.05,51.3,16.7,2.0,0.0,2.01,0.39,1.84,1.52,1.58,0.0
4173,2022,2022-09-11,1869,Spanish Primera Division,Getafe,Real Sociedad,60.69,75.23,0.2749,0.4267,0.2984,0.98,1.3,39.0,44.0,2.0,1.0,1.11,1.51,0.34,1.46,2.1,1.05
4187,2022,2022-09-11,1843,French Ligue 1,AS Monaco,Lyon,69.72,73.46,0.3982,0.3634,0.2385,1.66,1.58,49.3,64.0,2.0,1.0,1.6,2.52,0.96,2.8,2.1,1.05
4188,2022,2022-09-11,1854,Italy Serie A,Juventus,Salernitana,69.95,49.05,0.6402,0.1379,0.2219,1.89,0.74,43.9,34.2,2.0,2.0,2.3,1.78,1.88,0.75,2.1,2.1
4192,2022,2022-09-11,1869,Spanish Primera Division,Real Betis,Villarreal,71.82,79.29,0.3354,0.3958,0.2688,1.33,1.47,49.5,65.6,1.0,0.0,1.57,2.96,1.18,2.21,1.05,0.0
4210,2022,2022-09-12,1854,Italy Serie A,Empoli,AS Roma,50.08,71.89,0.206,0.5421,0.2519,0.93,1.67,39.4,54.3,1.0,2.0,1.41,3.87,1.83,1.42,1.05,2.1
4213,2022,2022-09-12,1869,Spanish Primera Division,Almeria,Osasuna,59.91,67.82,0.3697,0.3408,0.2894,1.27,1.21,36.1,26.6,0.0,1.0,0.21,2.21,0.92,1.35,0.0,1.05
4340,2022,2022-09-16,1845,German Bundesliga,Mainz,Hertha Berlin,67.72,61.25,0.5076,0.2206,0.2718,1.53,0.91,28.7,31.2,1.0,1.0,0.61,0.37,1.31,0.64,1.05,1.05
4342,2022,2022-09-16,1854,Italy Serie A,Salernitana,Lecce,49.9,52.66,0.3973,0.315,0.2877,1.27,1.09,38.3,42.3,1.0,2.0,1.18,1.16,1.86,0.92,1.05,2.1
4344,2022,2022-09-16,2411,Barclays Premier League,Nottingham Forest,Fulham,54.98,61.45,0.3732,0.3563,0.2704,1.25,1.22,45.3,34.9,2.0,3.0,1.68,1.49,0.74,1.15,2.1,3.15
4345,2022,2022-09-16,2411,Barclays Premier League,Aston Villa,Southampton,70.24,64.15,0.4926,0.2594,0.248,1.6,1.09,25.3,28.5,1.0,0.0,1.18,0.34,1.25,0.49,1.05,0.0
4346,2022,2022-09-16,1869,Spanish Primera Division,Real Valladolid,Cadiz,57.32,55.51,0.4597,0.2585,0.2818,1.45,1.02,43.9,46.0,0.0,1.0,2.12,0.66,1.46,1.02,0.0,1.05
4348,2022,2022-09-16,1843,French Ligue 1,Auxerre,Lorient,48.64,55.24,0.4056,0.3238,0.2706,1.38,1.2,45.9,16.4,1.0,3.0,2.33,3.29,1.74,1.38,1.05,3.15
4366,2022,2022-09-17,2411,Barclays Premier League,Wolverhampton,Manchester City,67.59,92.7,0.0998,0.7353,0.1649,0.74,2.36,25.6,77.7,0.0,3.0,0.34,1.49,0.6,2.01,0.0,2.94
4373,2022,2022-09-17,1869,Spanish Primera Division,Mallorca,Almeria,58.65,58.49,0.4394,0.2766,0.2841,1.41,1.06,38.8,38.2,1.0,0.0,0.95,0.33,0.47,0.6,1.05,0.0
4377,2022,2022-09-17,1854,Italy Serie A,Bologna,Empoli,54.83,49.91,0.4602,0.2745,0.2652,1.52,1.11,32.3,41.2,0.0,1.0,1.81,1.57,1.54,1.32,0.0,1.05
4384,2022,2022-09-17,1845,German Bundesliga,Bayer Leverkusen,Werder Bremen,75.25,62.28,0.6107,0.1643,0.225,1.96,0.91,39.9,25.9,1.0,1.0,1.87,1.96,2.33,1.25,1.05,1.05
4385,2022,2022-09-17,1845,German Bundesliga,Borussia Dortmund,Schalke 04,79.93,59.08,0.7128,0.1015,0.1857,2.24,0.71,69.9,36.2,1.0,0.0,2.3,0.13,1.91,0.62,1.05,0.0
4386,2022,2022-09-17,1845,German Bundesliga,FC Augsburg,Bayern Munich,56.57,92.88,0.0699,0.8011,0.129,0.8,2.96,36.4,61.3,1.0,0.0,2.23,2.16,1.07,4.38,1.05,0.0
4387,2022,2022-09-17,1845,German Bundesliga,VfB Stuttgart,Eintracht Frankfurt,66.93,69.02,0.4096,0.3136,0.2768,1.4,1.19,21.6,34.4,1.0,3.0,1.09,1.27,1.37,0.97,1.05,2.69
4410,2022,2022-09-17,2411,Barclays Premier League,Newcastle,AFC Bournemouth,73.17,54.41,0.6148,0.1585,0.2267,1.78,0.77,20.7,44.9,1.0,1.0,1.54,0.98,2.14,0.47,1.05,1.05
4431,2022,2022-09-17,1869,Spanish Primera Division,Barcelona,Elche,87.92,54.0,0.8455,0.0405,0.114,2.85,0.5,58.7,39.5,3.0,0.0,4.76,0.01,3.27,0.07,2.52,0.0
4435,2022,2022-09-17,1843,French Ligue 1,Montpellier,Strasbourg,53.83,66.35,0.341,0.3939,0.2651,1.28,1.4,38.2,21.3,2.0,1.0,2.03,0.85,0.95,1.21,2.1,1.05
4442,2022,2022-09-17,1854,Italy Serie A,Spezia,Sampdoria,47.42,52.87,0.3682,0.3511,0.2807,1.26,1.22,48.5,43.7,2.0,1.0,1.13,1.11,1.58,1.05,2.1,1.05
4447,2022,2022-09-17,2411,Barclays Premier League,Tottenham Hotspur,Leicester City,81.87,67.43,0.6422,0.1584,0.1994,2.1,0.93,60.9,31.7,6.0,2.0,2.45,1.78,1.6,1.18,5.48,2.1
4449,2022,2022-09-17,1869,Spanish Primera Division,Valencia,Celta Vigo,70.11,69.7,0.4409,0.277,0.282,1.43,1.08,23.2,27.0,3.0,0.0,1.99,0.65,1.0,1.06,2.08,0.0
4451,2022,2022-09-17,1845,German Bundesliga,Borussia Monchengladbach,RB Leipzig,70.06,78.02,0.3439,0.3983,0.2578,1.42,1.54,50.3,66.6,3.0,0.0,2.96,1.45,1.72,1.74,3.15,0.0
4475,2022,2022-09-17,1854,Italy Serie A,Torino,Sassuolo,63.63,59.96,0.4567,0.2768,0.2665,1.5,1.11,26.7,16.6,0.0,1.0,0.64,0.49,0.86,0.57,0.0,1.05
4478,2022,2022-09-17,1843,French Ligue 1,Lille,Toulouse,68.46,53.51,0.6069,0.167,0.2261,1.87,0.87,35.5,36.1,2.0,1.0,1.11,0.95,1.12,0.87,2.1,1.05
4479,2022,2022-09-17,1869,Spanish Primera Division,Athletic Bilbao,Rayo Vallecano,74.64,62.93,0.5936,0.1566,0.2498,1.73,0.75,46.2,17.7,3.0,2.0,2.54,0.68,0.89,1.47,3.15,2.1
4513,2022,2022-09-18,1854,Italy Serie A,Udinese,Internazionale,63.23,80.52,0.2299,0.5428,0.2273,1.2,1.96,42.3,55.7,3.0,1.0,1.4,1.03,1.22,1.69,2.63,1.05
4516,2022,2022-09-18,2411,Barclays Premier League,Brentford,Arsenal,69.8,80.58,0.284,0.4854,0.2306,1.31,1.78,23.2,61.6,0.0,3.0,0.56,1.26,0.99,1.62,0.0,3.15
4517,2022,2022-09-18,1843,French Ligue 1,Reims,AS Monaco,57.27,68.35,0.3221,0.4253,0.2526,1.33,1.56,32.1,43.0,0.0,3.0,0.3,2.01,0.31,2.47,0.0,1.77
4525,2022,2022-09-18,1869,Spanish Primera Division,Osasuna,Getafe,69.39,60.89,0.5253,0.1885,0.2862,1.45,0.75,32.7,33.5,0.0,2.0,1.35,1.14,1.16,0.73,0.0,1.78
4531,2022,2022-09-18,1843,French Ligue 1,Clermont Foot,Troyes,50.34,53.6,0.4162,0.3146,0.2691,1.4,1.19,40.5,34.5,1.0,3.0,1.39,1.52,0.88,0.42,1.05,2.82
4533,2022,2022-09-18,1843,French Ligue 1,Marseille,Stade Rennes,71.29,72.09,0.4502,0.288,0.2618,1.51,1.16,71.4,56.0,1.0,1.0,1.18,0.77,1.66,1.04,1.05,1.05
4535,2022,2022-09-18,1854,Italy Serie A,Cremonese,Lazio,50.21,68.17,0.2391,0.5156,0.2453,1.11,1.74,37.4,47.1,0.0,4.0,1.2,3.8,1.78,1.28,0.0,3.98
4536,2022,2022-09-18,1843,French Ligue 1,Nice,Angers,63.54,52.61,0.5315,0.2062,0.2624,1.55,0.86,21.5,43.2,0.0,1.0,0.94,1.95,0.97,1.59,0.0,0.84
4537,2022,2022-09-18,1854,Italy Serie A,Fiorentina,Verona,66.27,59.77,0.4888,0.2448,0.2664,1.53,1.0,23.7,17.2,2.0,0.0,2.8,0.68,0.86,0.94,1.58,0.0
4538,2022,2022-09-18,1843,French Ligue 1,Brest,AC Ajaccio,52.64,51.38,0.4702,0.2608,0.2691,1.47,1.02,46.9,43.8,0.0,1.0,0.81,0.63,1.25,0.4,0.0,1.05
4539,2022,2022-09-18,1854,Italy Serie A,Monza,Juventus,48.35,68.05,0.2387,0.5005,0.2609,1.01,1.58,41.6,35.5,1.0,0.0,2.56,1.3,1.22,1.62,0.84,0.0
4543,2022,2022-09-18,2411,Barclays Premier League,Everton,West Ham United,63.99,70.99,0.3723,0.3589,0.2688,1.26,1.23,39.8,23.3,1.0,0.0,0.37,0.8,0.95,0.94,1.05,0.0
4544,2022,2022-09-18,1845,German Bundesliga,1. FC Union Berlin,VfL Wolfsburg,70.72,66.4,0.5143,0.2099,0.2757,1.5,0.85,61.9,23.0,2.0,0.0,1.22,0.27,1.27,0.23,1.92,0.0
4556,2022,2022-09-18,1869,Spanish Primera Division,Villarreal,Sevilla FC,79.66,67.47,0.6334,0.1456,0.221,2.0,0.84,66.2,23.9,1.0,1.0,2.14,0.52,1.15,0.82,1.05,1.05
4562,2022,2022-09-18,1843,French Ligue 1,Nantes,Lens,56.88,68.14,0.3158,0.4272,0.257,1.27,1.52,31.6,51.3,0.0,0.0,0.84,0.98,0.88,1.28,0.0,0.0
4567,2022,2022-09-18,1845,German Bundesliga,VfL Bochum,FC Cologne,55.65,69.74,0.309,0.4326,0.2584,1.31,1.59,41.7,37.7,1.0,1.0,0.18,1.62,0.48,2.5,1.05,1.05
4573,2022,2022-09-18,1854,Italy Serie A,AS Roma,Atalanta,72.46,72.98,0.419,0.316,0.265,1.47,1.24,70.4,66.3,0.0,1.0,3.27,0.17,2.01,0.42,0.0,1.05
4580,2022,2022-09-18,1869,Spanish Primera Division,Real Sociedad,Espanyol,73.92,60.95,0.5885,0.1646,0.2469,1.76,0.81,41.3,28.3,2.0,1.0,2.29,1.27,1.47,1.37,2.1,1.05
4581,2022,2022-09-18,1869,Spanish Primera Division,Real Betis,Girona FC,70.68,60.59,0.5707,0.1773,0.252,1.73,0.84,46.7,25.2,2.0,1.0,1.54,1.29,0.43,1.27,2.1,1.05
4590,2022,2022-09-18,1845,German Bundesliga,TSG Hoffenheim,SC Freiburg,69.59,71.98,0.4222,0.3256,0.2522,1.64,1.42,55.5,61.4,0.0,0.0,0.84,0.79,1.33,1.84,0.0,0.0
4594,2022,2022-09-18,1854,Italy Serie A,AC Milan,Napoli,79.01,80.51,0.3957,0.3419,0.2624,1.45,1.33,81.2,89.0,1.0,2.0,2.59,1.13,3.03,0.77,1.05,2.1
4595,2022,2022-09-18,1843,French Ligue 1,Lyon,Paris Saint-Germain,74.01,90.42,0.2357,0.559,0.2054,1.42,2.25,63.5,41.1,0.0,1.0,1.19,1.74,2.18,2.08,0.0,1.05
4600,2022,2022-09-18,1869,Spanish Primera Division,Atletico Madrid,Real Madrid,79.14,87.09,0.3106,0.4455,0.2439,1.47,1.8,61.0,78.1,1.0,2.0,1.06,1.26,1.11,0.2,1.05,2.1
4731,2022,2022-09-30,1845,German Bundesliga,Bayern Munich,Bayer Leverkusen,92.17,74.44,0.758,0.0941,0.1479,2.82,0.92,74.5,43.4,4.0,0.0,2.01,1.24,3.69,0.59,3.84,0.0
4735,2022,2022-09-30,1843,French Ligue 1,Angers,Marseille,54.5,71.29,0.2642,0.4689,0.2669,1.04,1.48,40.1,57.7,0.0,3.0,1.24,2.0,0.82,1.52,0.0,3.15
4738,2022,2022-09-30,1869,Spanish Primera Division,Athletic Bilbao,Almeria,74.11,58.59,0.6145,0.1446,0.241,1.79,0.73,43.7,38.1,4.0,0.0,2.14,0.46,1.68,0.75,3.84,0.0
4762,2022,2022-10-01,2411,Barclays Premier League,Arsenal,Tottenham Hotspur,81.54,81.7,0.4369,0.3247,0.2384,1.64,1.38,67.5,66.0,3.0,1.0,2.27,1.57,2.61,0.59,2.94,1.05
4765,2022,2022-10-01,1869,Spanish Primera Division,Cadiz,Villarreal,55.77,79.33,0.1917,0.5662,0.2421,0.97,1.84,43.8,57.4,0.0,0.0,1.16,1.57,0.62,0.85,0.0,0.0
4775,2022,2022-10-01,1854,Italy Serie A,Napoli,Torino,79.83,63.15,0.6597,0.1238,0.2165,1.92,0.68,69.7,23.6,3.0,1.0,1.2,0.88,1.07,1.52,3.15,1.05
4777,2022,2022-10-01,1845,German Bundesliga,SC Freiburg,Mainz,72.55,67.54,0.5265,0.2134,0.2601,1.64,0.95,57.9,32.9,2.0,1.0,2.15,1.96,2.22,1.75,2.1,1.05
4778,2022,2022-10-01,1845,German Bundesliga,Eintracht Frankfurt,1. FC Union Berlin,69.74,71.62,0.4076,0.2973,0.2951,1.27,1.04,48.8,68.5,2.0,0.0,1.26,1.05,1.17,1.75,2.1,0.0
4779,2022,2022-10-01,1845,German Bundesliga,FC Cologne,Borussia Dortmund,70.86,80.2,0.3241,0.4168,0.259,1.35,1.57,47.3,61.7,3.0,2.0,2.02,2.85,1.57,2.42,3.13,2.1
4780,2022,2022-10-01,1845,German Bundesliga,RB Leipzig,VfL Bochum,76.39,54.67,0.6945,0.1135,0.192,2.22,0.77,52.0,37.5,4.0,0.0,4.23,0.13,1.78,0.37,3.82,0.0
4781,2022,2022-10-01,1845,German Bundesliga,VfL Wolfsburg,VfB Stuttgart,65.69,66.12,0.4395,0.2852,0.2753,1.45,1.12,30.5,26.8,3.0,2.0,1.84,2.38,1.46,1.35,3.15,2.1
4783,2022,2022-10-01,2411,Barclays Premier League,Liverpool,Brighton and Hove Albion,89.02,76.31,0.6412,0.1608,0.1981,2.12,0.96,60.6,64.9,3.0,3.0,2.95,2.15,2.29,1.03,3.15,3.15
4793,2022,2022-10-01,2411,Barclays Premier League,Crystal Palace,Chelsea,70.22,81.29,0.2695,0.4747,0.2558,1.07,1.51,20.6,57.6,1.0,2.0,0.77,1.4,0.48,1.74,1.05,2.1
4799,2022,2022-10-01,2411,Barclays Premier League,Southampton,Everton,63.89,64.35,0.4363,0.3002,0.2635,1.41,1.12,37.8,36.2,1.0,2.0,2.24,2.01,2.19,1.6,1.05,2.1
4805,2022,2022-10-01,2411,Barclays Premier League,Fulham,Newcastle,61.68,72.93,0.3242,0.417,0.2588,1.22,1.42,27.6,18.6,1.0,4.0,0.68,4.1,0.74,2.23,1.05,3.36
4812,2022,2022-10-01,2411,Barclays Premier League,AFC Bournemouth,Brentford,54.73,68.79,0.3013,0.4462,0.2525,1.2,1.51,47.1,21.0,0.0,0.0,0.76,1.03,0.92,1.41,0.0,0.0
4831,2022,2022-10-01,1869,Spanish Primera Division,Getafe,Real Valladolid,62.27,57.23,0.4621,0.2456,0.2923,1.38,0.92,30.7,42.4,2.0,3.0,2.65,1.33,1.33,0.92,2.1,3.15
4834,2022,2022-10-01,1843,French Ligue 1,Strasbourg,Stade Rennes,65.48,72.12,0.3516,0.3801,0.2682,1.29,1.35,24.7,47.1,1.0,3.0,1.21,2.34,0.71,1.94,1.05,2.52
4842,2022,2022-10-01,1854,Italy Serie A,Internazionale,AS Roma,79.52,73.47,0.5124,0.2465,0.2412,1.79,1.17,72.8,64.3,1.0,2.0,0.86,1.29,2.03,0.73,1.05,2.1
4848,2022,2022-10-01,1845,German Bundesliga,Werder Bremen,Borussia Monchengladbach,63.07,71.7,0.3244,0.4134,0.2623,1.33,1.53,23.6,53.2,5.0,1.0,2.99,2.39,1.52,1.67,5.19,1.05
4851,2022,2022-10-01,1869,Spanish Primera Division,Sevilla FC,Atletico Madrid,68.0,79.28,0.2729,0.4522,0.2749,1.1,1.5,18.3,65.3,0.0,2.0,0.43,2.37,1.52,2.15,0.0,2.1
4852,2022,2022-10-01,2411,Barclays Premier League,West Ham United,Wolverhampton,71.11,67.2,0.4722,0.2508,0.277,1.35,0.9,28.6,31.6,2.0,0.0,0.93,0.65,0.68,1.32,2.1,0.0
4873,2022,2022-10-01,1854,Italy Serie A,Empoli,AC Milan,50.65,79.68,0.1453,0.6448,0.2099,0.85,2.05,37.8,55.7,1.0,3.0,1.06,2.69,1.32,2.03,1.05,2.63
4875,2022,2022-10-01,1843,French Ligue 1,Paris Saint-Germain,Nice,90.36,61.78,0.8246,0.0512,0.1243,2.7,0.54,36.0,18.2,2.0,1.0,0.82,0.76,1.8,0.37,2.1,1.05
4876,2022,2022-10-01,1869,Spanish Primera Division,Mallorca,Barcelona,59.16,88.66,0.1081,0.7084,0.1834,0.8,2.34,25.4,72.5,0.0,1.0,1.04,0.61,1.35,1.33,0.0,1.05
4912,2022,2022-10-02,1854,Italy Serie A,Lazio,Spezia,69.37,48.01,0.6697,0.1312,0.1992,2.14,0.82,52.1,33.9,4.0,0.0,2.63,1.15,2.07,0.88,3.68,0.0
4914,2022,2022-10-02,1843,French Ligue 1,Lorient,Lille,56.16,67.97,0.3192,0.422,0.2588,1.27,1.5,24.5,35.7,2.0,1.0,0.5,2.22,0.73,2.67,2.1,0.84
4925,2022,2022-10-02,1869,Spanish Primera Division,Espanyol,Valencia,61.21,70.99,0.3478,0.3736,0.2786,1.29,1.35,32.3,26.3,2.0,2.0,0.74,1.38,0.89,0.94,2.1,2.1
4931,2022,2022-10-02,1854,Italy Serie A,Lecce,Cremonese,52.83,48.74,0.4386,0.2701,0.2913,1.3,0.95,42.0,46.1,1.0,1.0,0.98,1.67,0.64,1.45,1.05,1.05
4933,2022,2022-10-02,1843,French Ligue 1,Troyes,Reims,54.42,55.42,0.4361,0.2964,0.2675,1.44,1.14,37.6,40.5,2.0,2.0,1.89,1.44,2.36,0.72,1.89,2.1
4935,2022,2022-10-02,2411,Barclays Premier League,Manchester City,Manchester United,92.98,75.94,0.7386,0.1028,0.1586,2.48,0.82,77.9,58.6,6.0,3.0,3.2,1.71,2.82,0.71,6.25,3.15
4936,2022,2022-10-02,1854,Italy Serie A,Sampdoria,Monza,52.2,49.73,0.4441,0.2795,0.2764,1.41,1.06,47.5,45.7,0.0,3.0,0.14,1.15,0.92,1.07,0.0,2.63
4937,2022,2022-10-02,1843,French Ligue 1,Toulouse,Montpellier,54.1,54.75,0.4491,0.2953,0.2556,1.56,1.22,40.0,28.1,4.0,2.0,1.43,1.84,1.52,1.82,4.2,1.89
4938,2022,2022-10-02,1854,Italy Serie A,Sassuolo,Salernitana,60.78,49.58,0.5244,0.2357,0.2399,1.8,1.13,15.8,36.3,5.0,0.0,3.38,0.65,1.45,0.96,4.57,0.0
4939,2022,2022-10-02,1843,French Ligue 1,Auxerre,Brest,47.27,52.26,0.3996,0.3371,0.2633,1.42,1.29,47.6,45.1,1.0,1.0,1.22,0.71,0.95,0.94,1.05,0.84
4941,2022,2022-10-02,1843,French Ligue 1,AC Ajaccio,Clermont Foot,52.06,49.51,0.465,0.2516,0.2834,1.36,0.92,51.1,45.5,1.0,3.0,1.34,1.27,1.2,0.95,1.05,2.63
4943,2022,2022-10-02,1845,German Bundesliga,Hertha Berlin,TSG Hoffenheim,61.72,69.33,0.3444,0.3833,0.2723,1.31,1.39,34.5,45.0,1.0,1.0,0.98,1.65,0.65,1.39,1.05,1.05
4950,2022,2022-10-02,1869,Spanish Primera Division,Celta Vigo,Real Betis,68.89,69.87,0.4033,0.3128,0.2839,1.36,1.17,22.4,46.2,1.0,0.0,0.72,0.91,0.58,0.88,1.05,0.0
4960,2022,2022-10-02,1843,French Ligue 1,AS Monaco,Nantes,70.2,56.9,0.6153,0.1656,0.2191,1.95,0.9,50.1,30.5,4.0,1.0,2.35,0.44,0.92,0.71,4.2,1.05
4962,2022,2022-10-02,1845,German Bundesliga,Schalke 04,FC Augsburg,59.01,58.1,0.4573,0.2657,0.277,1.46,1.05,44.7,37.2,2.0,3.0,2.27,1.35,1.75,1.21,2.1,3.15
4964,2022,2022-10-02,2411,Barclays Premier League,Leeds United,Aston Villa,64.72,70.97,0.3857,0.3572,0.2571,1.38,1.32,28.6,21.3,0.0,0.0,0.3,2.18,0.68,1.7,0.0,0.0
4968,2022,2022-10-02,1854,Italy Serie A,Atalanta,Fiorentina,71.99,67.09,0.5109,0.2267,0.2624,1.57,0.95,69.9,31.9,1.0,0.0,1.53,0.74,0.95,1.61,1.05,0.0
4970,2022,2022-10-02,1869,Spanish Primera Division,Girona FC,Real Sociedad,61.44,73.49,0.3007,0.4148,0.2845,1.13,1.38,28.4,43.8,3.0,5.0,1.02,2.1,2.02,1.4,3.15,4.88
4982,2022,2022-10-02,1843,French Ligue 1,Lens,Lyon,68.35,74.1,0.3827,0.3658,0.2515,1.49,1.46,61.1,61.4,1.0,0.0,2.96,0.12,1.9,0.07,1.05,0.0
4983,2022,2022-10-02,1854,Italy Serie A,Juventus,Bologna,66.72,54.15,0.5484,0.2023,0.2493,1.69,0.92,27.2,29.3,3.0,0.0,2.28,0.45,1.55,0.25,3.15,0.0
4987,2022,2022-10-02,1869,Spanish Primera Division,Real Madrid,Osasuna,87.07,68.09,0.7441,0.0868,0.1691,2.42,0.7,79.3,33.6,1.0,1.0,2.69,0.53,2.64,0.95,1.05,1.05
